OrganizationName,Description,Category,Technologies,Topics,CompletedProjects,OrganizationWebsite,OrganizationURL,Logo
52°North Initiative for Geospatial Open Source Software GmbH,52°North works on innovative ideas and technologies in geoinformatics.,Other,"web services , ogc standards , java , javascript , web","geoinformatics , sensor web , web-based geoprocessing , spatial data infrastructures , spatial information",1,http://52north.org/,https://summerofcode.withgoogle.com/archive/2017/organizations/4959751460880384/,lh3.googleusercontent.com/EePRUqX2zAFH7FYCmTbSNH8j_aDC9lCrNhpChS4GcwXDr7K-Wg50ufpUXJZt-issW7qzuNf7r8hzBAbYn6gE6e4YOff91aE
AboutCode,"Open Source for Open Source: software license, origin and packages discovery",Programming Languages and Development Tools,"python , c/c++ , javascript ,  shell script , static analysis","free and open source software  license and origin , package and dependencies licensing and origin , package vulnerabilities and security , code scan and matching , code analysis and spdx",4,http://aboutcode.org,https://summerofcode.withgoogle.com/archive/2017/organizations/6448304984424448/,lh3.googleusercontent.com/haTk4dmmPTfmh1C2lb4QoD3ROLteROjlQ1kYTXcGO-UthIrGJUaZFmpku4kke_yz7r5A3nsbcrk19236GEONI8eL0U3wVZo
AerospaceResearch.net,Making Space Together,Science and Medicine,"python , c/c++ , vhdl , boinc","cubesats , space applications , software defined radio , distributed computing , simulations",6,http://aerospaceresearch.net/,https://summerofcode.withgoogle.com/archive/2017/organizations/6713622831038464/,lh3.googleusercontent.com/jOqR2rfJ6p_EPdLbOuSw71p0ZmGN2zsbYxcCNfzEerjClNBNTQ5JgcmY489bhCAyfBK1-s-ahmriz7XwGDgWLVlepO11LA
aimacode,"Code for the book ""Artificial Intelligence: A Modern Approach""",Programming Languages and Development Tools,"python ,  javascript , machine learning , artificial intelligence , java","artificial intelligence , machine learning , education",4,https://github.com/aimacode/,https://summerofcode.withgoogle.com/archive/2017/organizations/6119722806411264/,lh3.googleusercontent.com/JzxNOZ9XiaGBC_TOJMYQIjaBB0Pzf7HZZOLiE3rzb8vHWQfQjVVgaFK7h42tCFkPJ10KKnhl_6KmaiMMP8RWJb6JNsRzTVE
Amahi,Making Home Networking and Storage Simple,Operating Systems," android , golang , restful api , streaming , ruby on rails","home servers , networking , storage , webapps , mobile streaming",3,https://www.amahi.org,https://summerofcode.withgoogle.com/archive/2017/organizations/6673844588773376/,lh3.googleusercontent.com/3Ed5KX1Vev4zvWcYgqhvz-CUf-sEIPFhr-RKd83AQe2-eKVEHNaUXNcZaL9DTV9nNLylT8wmw4ByVB8UTOtgZw6tfdApDnNZ
AOSSIE - Australian Open Source Software Innovation and Education,Umbrella Org for Open-Source Projects in Australia,Science and Medicine,"scala , javascript/html/css , automated reasoning , android/ios , xcode","logic , electronic voting , natural language processing , philosophy , environment",13,http://www.aossie.org/,https://summerofcode.withgoogle.com/archive/2017/organizations/4780102642565120/,lh3.googleusercontent.com/tosbibSE_nLmbQ-M05qQpShZDErKCZ9DyMVXrF-wJZopzCiMFGudoQkLc-26hOd7CNVoDxgiOmLE9bkWmvBLhLTnGYnuag
Apache Software Foundation,Providing open source software to the public free of charge,Other,"java , c , erlang","cloud , libraries , big data",23,http://www.apache.org,https://summerofcode.withgoogle.com/archive/2017/organizations/4633151007621120/,lh3.googleusercontent.com/9iOQHZ9QgxI1iCF1J6q7tW0LNpuMzwnSv7Oc5J7CEZcSrcB-wdupjpNjmDh_4TsXky518zS6j9CAKvr_K6My1T3xArsW0ZY
Apertium,Free/open-source rule-based machine translation,Other,"c++ , xml , python , nlp","natural language processing , machine translation , lesser-resourced languages",10,http://www.apertium.org,https://summerofcode.withgoogle.com/archive/2017/organizations/6618812501721088/,lh3.googleusercontent.com/SPljiVBrmtAFHDkqkh6GT_UoPnM8yFylK6D3Nou7YupOKnxe4CzGCPbcHdODfn9u0HmQY1uAkaEod1VJttz3I2GXzW8W8bs
Apertus Association,Open Technology for Professional Film Production,Graphics / Video / Audio / Virtual Reality,"fpga , vhdl , c , linux , c++","video , camera , vision , real time , photography",1,http://www.apertus.org,https://summerofcode.withgoogle.com/archive/2017/organizations/6354847569805312/,lh3.googleusercontent.com/Um0KGRuPLrwm2mUc6CJTCRV3Ng7c2OOgApOlcSbrQwGRRCIfArXQWowVXmL3CT00HHJ4IaMLTKGaOqqS_g0a0uKzBjAm9w
appleseedhq,A modern open source rendering engine for animation and visual effects,Graphics / Video / Audio / Virtual Reality,"c++ , python , qt"," computer graphics , 3d , rendering , animation , vfx",3,http://appleseedhq.net/,https://summerofcode.withgoogle.com/archive/2017/organizations/6110372931043328/,lh3.googleusercontent.com/Z-oZMDK7uhRPfak-x0CKMQiEtUe0UmLdGs9NrGTmXl3AQairQnGqbUagRSYjFAn6gWMX7fXqH-kPfGbl5giCWvGLDv_vFw
ArduPilot,The worlds most advanced open source autopilot,Other,"c++ , python , embedded , rtos , ros","autopilot , robotics , uav , drones , rovers",3,http://www.ardupilot.org,https://summerofcode.withgoogle.com/archive/2017/organizations/5801067908431872/,lh3.googleusercontent.com/amcm6L26zzZQI90cwbuqPYL3P918vY0f9Cd1UMFvUAXGwIQp9UfZngktrwPdh8N8m8uBQJEbQb2jo4OJFwohhD-HdzQ31D8
Babel,"Babel, the community driven compiler for writing next generation JavaScript",Programming Languages and Development Tools,"javascript , babel , nodejs","compilers , ast , minifier , tc39",2,https://babeljs.io/,https://summerofcode.withgoogle.com/archive/2017/organizations/5933754749026304/,lh3.googleusercontent.com/SgPfGA3yKtXE8SpqyNFL0dPQlQbXYbawc4QS2A8UvG6pdZvw4zwPECNCkbNVtZ6nXyYIxDDxL_lniJCM2GbrIgQEnLropJk
Bazel,Fast and correct build system for Google scale,Programming Languages and Development Tools,"java , linux , go","development tools , build systems",0,https://bazel.build,https://summerofcode.withgoogle.com/archive/2017/organizations/5765787168014336/,lh3.googleusercontent.com/9-qn7H5zPiovr1QqqC2PyVVaXMz3LaEi0A8BichLqe6LcNFvX6gX5bqN-RzweBjbMfgXMay_JidYt_Swo2qy3gKTygxREmE
BeagleBoard.org Foundation,"open hardware physical computing for makers, educators and professionals",Programming Languages and Development Tools,"javascript , linux , beaglebone , python , c","real time , robotics , iot , physical computing , coprocessing",6,https://beagleboard.org,https://summerofcode.withgoogle.com/archive/2017/organizations/5370804795604992/,lh3.googleusercontent.com/mGz-YlOq-jcjzsNxad6Vfj7Y4UG4ThDaWury4q4Tiv-zXNHiHVz8j4OAa8pa2w05Dwo6GpbnNRzTSY_2czSq4rS6hXuCCg
Beam Community,"From distributed systems, to robust servers and language design on the Erlang VM",Programming Languages and Development Tools,"erlang , elixir , lisp , xmpp","realtime , communication system , database , clustering",7,https://beamcommunity.github.io/,https://summerofcode.withgoogle.com/archive/2017/organizations/5344914732744704/,lh3.googleusercontent.com/iMFEDCnS6c8vxlAemq7cvE2bJzVzsb9KSmNoB4kc85lWByQvUiqubY6OEFHCg2cG1796y9SNIAUK7xqLljMgX2zwY4NwvjY
BeeWare Project,The IDEs of Python. Tools for cross-platform Python application development.,Programming Languages and Development Tools,"python , mobile , ios , android","ui , ide , cross-platform",3,http://pybee.org,https://summerofcode.withgoogle.com/archive/2017/organizations/5213454373748736/,lh3.googleusercontent.com/LJhQB0OdkDuv3SBSDqwNwQ0kNFoTK6XTPXQ-wnzjnk2zkR9LhWPfRzNnmkCxdJQILveOdfONAU33m5ANiKZNBApH9r0n9jTp
Berkman Klein Center for Internet and Society at Harvard University,"exploring cyberspace, sharing in its study & pioneering its development",Web,"ruby on rails , meteor.js , d3 , elasticsearch , javascript ","digital rights , internet access , security and privacy , law ,  web",5,https://cyber.harvard.edu,https://summerofcode.withgoogle.com/archive/2017/organizations/5825274612547584/,lh3.googleusercontent.com/uvU5l_6u9M_SYC9mGCJC-fXCYJhqc-50Anw2rmidwsxlK_vZeu5YPmpUzbmkNpHfGO1ZcZ1XxjyUBbVK79QPhPXAFnP00A
Blender Foundation,Free and open source 3D creation for artists and teams,Graphics / Video / Audio / Virtual Reality,"opengl , opencl , python , c , c++","3d , animation , graphics , modeling , vfx",5,http://www.blender.org,https://summerofcode.withgoogle.com/archive/2017/organizations/6461479528169472/,lh3.googleusercontent.com/njV-87RE7bIfiAC9KEzj9Cfj2m33CKm2NcbEUtl56Ffrx1KlBSk4dJYmJwD30wTb75-789v-lGqcVcj9_Qwov_g8jeY3xxE
Boost C++ Libraries,Boost provides free peer-reviewed portable C++ source libraries.,Programming Languages and Development Tools,"c++ , c++11 , c++14 , boost",library,4,http://www.boost.org/,https://summerofcode.withgoogle.com/archive/2017/organizations/5196100961042432/,lh3.googleusercontent.com/urAs-QWUrTgh7XLXurIQjvWSmHKqejI6qQMsPoFdjOUxzD8HJX3QDz-mU7J4RAF83OCk55Pm9LAfpbG4VwxEonyJUtMYWFTe
Boston University / XIA,Crowdsourcing the future Internet,Cloud,"xia ,  linux kernel ,  c ,  advanced data structures","computer networking ,  future internet architecture ,  research",2,https://github.com/AltraMayor/XIA-for-Linux/wiki,https://summerofcode.withgoogle.com/archive/2017/organizations/4874213160648704/,lh3.googleusercontent.com/tzTctC99XjApWD7h0VSjs0e9X5_SupHffRlit1mZ-VecTe5A6gSzlu9ewgRoD_YrAMmbAy6I5UcsRcUaf9nk9eLmFldCjjw
BRL-CAD,"& LibreCAD, OpenSCAD, STEPcode, LinuxCNC, FreeCAD, & Slic3r!  Computer Graphics.",Graphics / Video / Audio / Virtual Reality,"c/c++ , opencl , python , javascript , qt","cad , geometry , 3d , ray tracing , visualization",8,http://brlcad.org,https://summerofcode.withgoogle.com/archive/2017/organizations/5302987798872064/,lh3.googleusercontent.com/mWrBNnqPMRg1CGoqk7qFw7x22WW4OfT5e-Lyb2rRQamZh4MKUZKIfHpGzyLwZD7zv9g8YYQPZ5UYspGTbmL4MFEjZiDTjg
Cadasta,"Transforming the way land & resource rights are documented, managed and stored.",End User Applications,"python , django , javasc , javascipt","web , land rights , mapping , geo , geospatial",1,http://cadasta.org/,https://summerofcode.withgoogle.com/archive/2017/organizations/6571413242642432/,lh3.googleusercontent.com/YGfrXJkJlSLrcsPG3bgmjIiRXthOVmkiGr5r4X2P6ehPEX3zKktgYwuScAcAtZJzjBOURAIEL3xSoVho00Oc7jmWDRbYaGE
Catrobat,Computational thinking for all through visual mobile programming frameworks,Programming Languages and Development Tools,"android , java , html5 , ios , web","education , programming tools , app development , web applications , scratch",5,http://www.catrobat.org,https://summerofcode.withgoogle.com/archive/2017/organizations/5758529210155008/,lh3.googleusercontent.com/_Ns53i4FjkBbKY3jUsDz29u6lueWAJssHrb8DrNFcbbEpTUeCrqj3h8JF6dGe2pVFXDlu2PO4WApeCWpbJ2OZrz2JLcLQeND
cBioPortal for Cancer Genomics,Developing open source solutions for precision medicine for cancer patients,Science and Medicine," javascript , java , web , reactjs , web services","cancer , bioinformatics , big data , genomics , biology",6,http://cbioportal.org/,https://summerofcode.withgoogle.com/archive/2017/organizations/4741825894023168/,lh3.googleusercontent.com/zEQgMQ-U-EjNhoJrvz7jRhSPOup_8k6smQJX_WPC-LunTEb3G26uHXucVPKwP5sHBtbRDszkR1Dj2o08WeqFg7j5o01eiGo
CCExtractor Development,Tools for a subtitled world.,Graphics / Video / Audio / Virtual Reality,"c , python , raspberry pi , linux , visual studio","subtitles , television , movies , media",6,https://www.ccextractor.org,https://summerofcode.withgoogle.com/archive/2017/organizations/5267426006532096/,lh3.googleusercontent.com/9a1rDKdItnPDhhL9qP3ai_4-7uT0AxX529v8ViXnmyC1zjcNy5TEOKKFM4Xw0awNildpDZslMz0QYJOwO6p6RySdJW885RE
Ceph,The Future of Storage,Data and Databases,"c++ , python , object-storage","cloud storage , storage",4,http://ceph.com,https://summerofcode.withgoogle.com/archive/2017/organizations/6399849700261888/,lh3.googleusercontent.com/8jd1o9Z0o-LZXWn06xWMPVq4MiqHreWqVH8AxrjzVHELbfqNUMAMzLjYwBGFwD51w0kSpzuqjETAwgSRpuXlRkIHB9nj0Q
CERN-HSF,"CERN-HEPSoftwareFoundation, umbrella organization for particle physics in GSoC",Science and Medicine,"python , c/c++ , machine learning , data analysis , parallel algorithms","particle physics , high-energy physics , machine learning , physics , big data",20,http://hepsoftwarefoundation.org/activities/gsoc.html,https://summerofcode.withgoogle.com/archive/2017/organizations/6360460286754816/,lh3.googleusercontent.com/OvM7CH9cftL1LcYx10driIlKL3TqFjaER1fNaqNRrz6_jcufXELaLSQ0cSslrRrNSdns-OttYBVzDFTqAz1G1Dwq346gsF0
Chapel,a Productive Parallel Programming Language,Programming Languages and Development Tools,"chapel , python , high performance computing , c , c++","programming languages , compilers , high performance computing , distributed computing , parallel computing",3,http://chapel-lang.org,https://summerofcode.withgoogle.com/archive/2017/organizations/4757669491507200/,lh3.googleusercontent.com/s4JuBTa-ubZeh2Ia905LRd6y0vUdndUgfHF3GEHwUAs-4D_F-Vvr2iPkZWd6Ml8gTtUMasmHOQ4myPU99LOIOFIz6TxHbSw
Checker Framework,"Preventing programming errors before they happen, via easy-to-use verification",Programming Languages and Development Tools,java,"programmer productivity , software engineering , verification",5,https://checkerframework.org/,https://summerofcode.withgoogle.com/archive/2017/organizations/6349316859887616/,lh3.googleusercontent.com/uI0AVGltNj1XK8tQB3V-KgNJTv7wENHl6V9SeF8Tq1yJLQ6BufiJYnjRsXxLbqRCSPddr3DSOxwRIOKnyDjVaeuoO_7eZJFF
Checkstyle,Dev tool to help programmers write Java code that adheres to a coding standard.,Programming Languages and Development Tools," java , antlr","static code analysis<U+200E> , code review tool , coding standards ,  coding conventions",5,http://checkstyle.sourceforge.net/,https://summerofcode.withgoogle.com/archive/2017/organizations/5883569398349824/,lh3.googleusercontent.com/yuUCb_AsFvfYar6nIeFN7wlFpRfkHDxjFFMF-a6PyCk4OX7RoC-bLDYbNMs23t0vCQwQDON0sIXzCbUb1jQws65kji-ncg8r
Classical Language Toolkit,NLP for the ancient world,Other," python , javascript","nlp , ai , machine , machine learning , machine trans",2,http://cltk.org,https://summerofcode.withgoogle.com/archive/2017/organizations/4904328934457344/,lh3.googleusercontent.com/8CQlotbC9ovCGTmz3pPzaEcNCm4IYP7R4LZ7BozeWwRUe79PxILYzh944E_hz_FXmaPI5AtmL-LPglAMDhTyXYwmXyXvRRk3
"CLiPS, University of Antwerp",Computational (Psycho)Linguistics,Data and Databases,"python , machine learning , mongodb , javascript ","text analytics , machine learning , computational linguistics , artificial intelligence , data mining",2,http://www.clips.uantwerpen.be,https://summerofcode.withgoogle.com/archive/2017/organizations/4936781707345920/,lh3.googleusercontent.com/2MTQQOsAPz8vSi4FpIlQGW4rReBA8Hxz0sHRAc7BN78vxCOmx0Ytv14nqwEkva9dW72Jm_WerRJUDwwAy3TUpNiSb6_9CAb4
Clojure,Supporting the Clojure and ClojureScript ecosystem,Programming Languages and Development Tools,"clojure , clojurescript , jvm , javascript , functional programming","programming language , development tools , compilers , functional programming , build systems",0,http://clojure.org,https://summerofcode.withgoogle.com/archive/2017/organizations/5054104644616192/,lh3.googleusercontent.com/KEb8AaLe8CWqA2rMpvjsmXjY13TxgLjKJj8WG4xYaJyQkYDKozx4-WwRBUKgRMdoOKk8RwCH9pWtfOXVhUBjtAJo16slIw
Cloud Native Computing Foundation (CNCF),The CNCF is a nonprofit committed to the development of cloud native technology,Cloud,"kubernetes , go , prometheus , fluentd , grpc","cloud , cloud native , monitoring , logging , tracing",6,https://www.cncf.io/,https://summerofcode.withgoogle.com/archive/2017/organizations/6018829461225472/,lh3.googleusercontent.com/jr_aWehm6e98roHg-RbGrOm2twnRg_xjngLDe20TpKtZNHgiF6Rmpcjqr90NqtDUYAwKjlayCJPjRZXKON1A9oxKUxS01E8
CloudCV,Building platforms for reproducible AI research,Cloud," python , django , angularjs , reactjs ,  deep learning","artificial intelligence , machine learning , computer vision , web development , cloud computing",4,http://cloudcv.org,https://summerofcode.withgoogle.com/archive/2017/organizations/6419112360148992/,lh3.googleusercontent.com/2y3Acs61-64R6YvHXBmtyZs-rTMhW0crKdolcSkykZlWbddK_jzvKRZrolm2bG_xIu_W6RB6YbFk0D-WaKyDHQ6k5i90V_Q
CMU Sphinx,"Fast, Accurate, Flexible Open Source Speech Recognition",Graphics / Video / Audio / Virtual Reality,"c , cross-platform , hidden markov models , javascript  ,  python","speech recognition , user interface , real time , education , pronunciation",11,http://cmusphinx.sourceforge.net/,https://summerofcode.withgoogle.com/archive/2017/organizations/5510422639673344/,lh3.googleusercontent.com/_vu_qb7x-5e-HEFLBfIEDvYIVrZoePvwECpa2n5RAJqTUIeOt_vrF8-i9wdz6z-owZ7ikHDuv2ab_BhAjWFUAuS3ogWhNQ
coala,Linting and Fixing Code for All Languages,Programming Languages and Development Tools,python,code analysis,9,https://coala.io,https://summerofcode.withgoogle.com/archive/2017/organizations/5817061024464896/,lh3.googleusercontent.com/7r3cwED-WmWH-vVOzeGYA9MF93nUncWsKrzGRwFbVqhVs9Omb-Pnns1q1UTvttLZwpZwJ7yTE87EEJ8V56B4Wkz0-cw_BGJj
Computational Biology @ University of Nebraska-Lincoln,Development of software technologies for biomedical research and applications.,Science and Medicine,"javascript , react , java , webgl , mysql","computational biology , bioinformatics , network biology , systems biology , image analysis",4,http://helikarlab.org,https://summerofcode.withgoogle.com/archive/2017/organizations/6732113738989568/,lh3.googleusercontent.com/NdWX8dJSy0LCXTeJypbBMAeL7CCtU-KR7lEAE_k4FDclYlNgHnIgw6XUq9EUKFg_reUQRjvB2kV03e9E5nb_KmVt77qZHEE
Conversations.im,"Federated, end-to-end encrypted instant messaging based on XMPP/OMEMO",End User Applications,"xmpp , java , android , javafx , python","instant messaging , real time , usabilty , ui , ux",1,https://conversations.im,https://summerofcode.withgoogle.com/archive/2017/organizations/5967780016816128/,lh3.googleusercontent.com/ojUDeY9hN3ZkVkUOD2vNEBx4F5Y2DHjhB6w_AbapryLe2MOyO3LWUN0yruFuad-TN9pmQ1rxDe8Bqwjcc6FUPULkcCwnKw
Copyleft Games,"Game libraries, frameworks, and development toolkits",Graphics / Video / Audio / Virtual Reality,"python , opengl , javascript , c , xmpp","graphics , networking , web , education",2,https://www.copyleftgames.org/,https://summerofcode.withgoogle.com/archive/2017/organizations/6180004551458816/,lh3.googleusercontent.com/uFYWvVcwmuONpfYFZKxGmQzJiernnb7qI1Eynt9CuNDiB0NJu4-lSUgN3JcKHc9B7_vpgJ2Wwa0CLUTe_ZAtty5I6pCGBURc
DBpedia,"a Large, Multilingual, Semantic Knowledge Graph",Data and Databases," java , scala , graph , nosql , rdf","natural language processing , big data , semantic web , data science , knowledge extraction",7,http://dbpedia.org,https://summerofcode.withgoogle.com/archive/2017/organizations/5195579256733696/,lh3.googleusercontent.com/assw2Re_IYxchzayDG-T8lXm4TNLcTOSB94t0lpK54GOe9jSpzXflv19LTN4CCIt8CbvM5vUGP_ne_9oCNOgU1Aq7XP_tA
Discourse,Civilized discussion for your community.,Social / Communications,"ruby on rails , ember ,  ruby , javascipt , html/css","asynchronous , forum , community ,  real time , web development",4,http://www.discourse.org/,https://summerofcode.withgoogle.com/archive/2017/organizations/4878856288731136/,lh3.googleusercontent.com/3sa2Hf4LtzL2kBlSkpAP29xgjyPANLS5uegKuI_fk_5KezIY94kPqWKsth2oI6UPgooSGV9Q6Nv_GSa8SHTXIivE-_LjQP8
Django Software Foundation,The web framework for perfectionists with deadlines.,Web,"python , django","web , web development",0,https://www.djangoproject.com,https://summerofcode.withgoogle.com/archive/2017/organizations/4608650232463360/,lh3.googleusercontent.com/gBM87Hc5cMcgbJSyfvXEXIsggzdZBgtcq5YDwM78D6bd-L_rFJuPoaEqtr8teCGjtvQZohTPof8X5ZRz9hMI61-VA8vFqCU
Drupal,"Drupal is a Free, Open, Modular CMS written in PHP. Let's make something amazing",Web,"php ,  symfony ,  sql ,  javascript ,  drupal 8","web ,  web development ,  content management ,  object-oriented ,  cms",6,https://www.drupal.org/,https://summerofcode.withgoogle.com/archive/2017/organizations/6388224565968896/,lh3.googleusercontent.com/KC19orrV1kqG1ayTFu1FxpkaIrdVWYRzGqHRVqMYeUOnWjI4GDUoPW_v_ETk4QeOY30xyvaavLDw0mzYYA1fM87TotOooUNL
Eclipse Vert.x,Eclipse Vert.x is a tool-kit for building reactive applications on the JVM,Programming Languages and Development Tools,"java , reactive extensions , kotlin , microservices , event-loop","reactive , unopionated , polyglot , distributed , high performance computing",3,http://vertx.io,https://summerofcode.withgoogle.com/archive/2017/organizations/5851994006749184/,lh3.googleusercontent.com/VkiPGfm8MX6JvIJbm675GIpat5g2Tv265xwmE9Owc274xFQdx60SiwOUCLswo7AXz-WREWuU8aMo6imBr83xWyCg3VsAHk0
Elm Software Foundation,A delightful functional language for reliable webapps.,Programming Languages and Development Tools,"elm , javascript , haskell","functional programming , compilers , web applications , programming languages , user interface",1,http://elm-lang.org/,https://summerofcode.withgoogle.com/archive/2017/organizations/5658990390280192/,lh3.googleusercontent.com/fqsi9UFcYWf2gRtHisTVUL77H0wqC5R8EU7XRoI-yLzd6LESSqOWHS8THAVlDVG1J1lKlhE91MSHSksUrNpNs9b3C2QD8QE2
Environmental Data And Governance Initiative,International network addressing threats to US environmental & energy policy,Data and Databases,"python , javascript , ruby on rails , google cloud , go","crawling , api , open data , machine learning , open science",2,https://envirodatagov.org/,https://summerofcode.withgoogle.com/archive/2017/organizations/4941941976334336/,lh3.googleusercontent.com/6M5VZ3XHpr1IpCBDAb1NnmreVjiAW4PPYSh8kJUEspShRoZ4oTx2kPdWG0cJjfXeCwDbtfuYsSArr31ynvZMyAkIhMhrLx9C
Fedora Project,"Fedora Linux is built on the foundations of Freedom, Friends, Features, & First",Operating Systems,"python , linux , git , postgres , ansible","linux distribution , upstream , community , web development , realtime messaging",5,https://getfedora.org/,https://summerofcode.withgoogle.com/archive/2017/organizations/5870752142196736/,lh3.googleusercontent.com/o6agz4S4Q0qbWTJekRn60HIIci50A70Xw4Qzt-OJgiUwRFgXCBti83OZtFyqKNEVo87Moku3BEsOj1f4eq50m3Zd-BDGBA
FFmpeg,"Cross-platform software to convert audio, video and subtitles.",Graphics / Video / Audio / Virtual Reality,"c , assembly , git","multimedia , video , audio , filter , compressio",6,https://ffmpeg.org/,https://summerofcode.withgoogle.com/archive/2017/organizations/4641979178680320/,lh3.googleusercontent.com/BOL9R6X621pzLGNGoD3i9DWT1WNbpbZB-4Jagpaf7Np8m77cA0A-JitDNtD1TK5TkFTQb_KsSHDZFHL1a8iZZGILJS4unw
FOSDEM,The organization that handles all aspects of the FOSDEM conference,Programming Languages and Development Tools,"git , ruby on rails , postgresql , html/css","web , programming tools , programming languages , ruby , rails",1,https://fosdem.org,https://summerofcode.withgoogle.com/archive/2017/organizations/5733807646834688/,lh3.googleusercontent.com/tzQ02uEl73CVHq_D5Wnt7EzD-Esb-B-PRpxyU8irWBAb0OwDSZMNQXsXTorM1vsjyNlR7pG-JiTnBRBI-7vD-Z1QmUTs7Q
FOSSASIA,Improve People's Lives,Other,"python , java , javascript , android , php","event management , machine learning , artificial intelligence , cloud",51,http://fossasia.org,https://summerofcode.withgoogle.com/archive/2017/organizations/5936828200779776/,lh3.googleusercontent.com/mEgX9LwkfS3_bHuqb54g9onkXAEq6PhQdTRTnv1Ts--M6NrXNrwpM1kmJOUuFdH79BFu9UG8IIqE0cvw1k_U8CMnIXCFqTQ
Free and Open Source Silicon Foundation,Umbrella for various projects around open source hardware and tools,Other,"verilog , c , vhdl , python","hardware , eda tools , web",4,http://fossi-foundation.org/,https://summerofcode.withgoogle.com/archive/2017/organizations/5021512822161408/,lh3.googleusercontent.com/xR8AezbubAAiM5GsN0dbB-hrJfmsavDN20GhILipASprUBKl62Hwk-tijvzvwx2hEI_RiP0mKyd034GMRcji8LRwtrv7J88K
FreeBSD,FreeBSD: The Foundation of the Internet,Operating Systems,"c/c++ , llvm , shell , make , assembly","virtualization , kernel , cloud , embedded , security",5,https://www.FreeBSD.org/,https://summerofcode.withgoogle.com/archive/2017/organizations/5058101916991488/,lh3.googleusercontent.com/6z4bZLHpx0Yls0ri4wOp9fGTYahOJZp8hO4JNRornQq1QAgv8UKd-WXTpBzTU3M71cWWFwaYzNj2PBe0ei4i34km_kIbliE
Freifunk,Freifunk is a non-commercial initiative for free and open wireless networks.,Social / Communications,"lede/openwrt , c , html/css , shell script ,  javascript","wireless , routing , monitoring , firmware development , user interface",12,https://freifunk.net,https://summerofcode.withgoogle.com/archive/2017/organizations/6004756195573760/,lh3.googleusercontent.com/NyrSHsoROjfiSrEbrjgCqZAnEu6Ynhwlv93o9OHgq834LMTKAcAmtpl4_7tElUeT9mg50biHGqhLQYZzcawW30ACpvke
Frescobaldi,Edit music scores with GNU LilyPond.,End User Applications,"python , pyqt",music engraving,2,http://frescobaldi.org,https://summerofcode.withgoogle.com/archive/2017/organizations/4597892144693248/,lh3.googleusercontent.com/IRUCAU_NRRzhF33TmMt5o1k7eDlbSlcyfF59CwLJABUgeFMCXGAbRmVtozRAHmQu4xtz9T2H8Y0J2m1dJZlSpj7gHlWfU_sp
"Genes, Genomes and Variation",Genome databases and browsers,Science and Medicine,"mysql , perl , javascript","genomics , web",5,http://www.ensembl.org,https://summerofcode.withgoogle.com/archive/2017/organizations/5455879507804160/,lh3.googleusercontent.com/mlNXe0QjBHcVNUACjBXyxFGOoj6x57r7X1JS3uGtsos3NIeiKeex0EeS70zAa2RE0IwugJY5vdiXjsIC7uyujxbBN4k39Isd
GENIVI Development Platform,Open Source Automotive Development Platform,Programming Languages and Development Tools,"linux , c , yocto , c++ , qt","automotive , cars , embedded systems , embedded , automobile",0,https://at.projects.genivi.org/wiki/pages/viewpage.action?pageId=11567210,https://summerofcode.withgoogle.com/archive/2017/organizations/4914104280023040/,lh3.googleusercontent.com/geEoKLEJD6_aqoS84QB8nKGjAHMjFFv5UNWpljgn0KCPLgo38QhZOt0aJmFo9fYgUfkXINGh8HZXHKtdwst0uMKY-Atb3A
Gentoo Foundation,"A flexible, source-based Linux distribution.",Operating Systems,"shell , c/c++ , python , linux","linux , package management , operating system , embedded , security",3,http://www.gentoo.org,https://summerofcode.withgoogle.com/archive/2017/organizations/6287928489672704/,lh3.googleusercontent.com/JD4B1K3-iD_gIUZiPYPPJqVsA5_jFbpiFJU5SgbguRbaKeuhzbEi4BI8X8ZT6TUl4bRIzgfLZSy-zKrb0H7weh82NWb9zFE
Git,"fast, scalable, distributed revision control system",Programming Languages and Development Tools,"c ,  shell script ,  git","version control ,  dvcs",1,http://git-scm.com/,https://summerofcode.withgoogle.com/archive/2017/organizations/5061577619275776/,lh3.googleusercontent.com/G-TbRzzc-XH00xAc5BUOH4SkBG965RlOHFrz9Abd9E7waLiB11hQ2GkP--cZZHOm8WaCZ_3PT66gvbsUYbzHahXxMMu4Owdd
Global Alliance for Genomics and Health,We develop open standards and tools for genomics to benefit human health.,Science and Medicine," python ,  java , sql , c++ , mongodb","genomics , standards , data sharing ,  bioinformatics , web",2,https://genomicsandhealth.org/,https://summerofcode.withgoogle.com/archive/2017/organizations/6101170829393920/,lh3.googleusercontent.com/Q94W8_stz_AL0J_sb2f0Pr4yGUeMZogmED85nC-J3xpGdlEAcptpidaqwcVCINw4yDD7HDHV64hcFEW6xdAZIB6L1aeP34B9
GNOME,Non-profit organization that creates a computing platform for the general public,End User Applications,"c , python , gtk+ ,  javascript , gobject","desktop , applications , operating system",19,https://www.gnome.org/,https://summerofcode.withgoogle.com/archive/2017/organizations/6040004186865664/,lh3.googleusercontent.com/OMtQnvdrqwkdLP5cqWve3m9I13AmKWVN-EyDx2Q770XOTFo0LzBi6TonbPKcJjTKCBHM7YBZTHMMbD4rpAvILbicVJNKrx3B
GNSS-SDR,An open source Global Navigation Satellite Systems software-defined receiver,Science and Medicine,"c/c++ , c++ , c++11 , c++14 , gnss","gnss , geolocation , navigation , software defined radio , communications",5,http://gnss-sdr.org,https://summerofcode.withgoogle.com/archive/2017/organizations/5204929132101632/,lh3.googleusercontent.com/dRn6fmVZDXmoQBqUG-mzoqDKKTwaxs-1oQ_idBC1QC0i9IbTIeeIqCMKnfTE7jYhJVBp3rXV9XjfD3phDDC0yBlRpoqCIOw
GNU Octave,Free Your Numbers,Programming Languages and Development Tools,"c++ , hg","mathematics ,  numerical computation , matlab , scientific computing , numerical methods",4,http://www.octave.org,https://summerofcode.withgoogle.com/archive/2017/organizations/6187477526118400/,lh3.googleusercontent.com/jD_PThkeOUIfTvuncvZah_KWYtFHNjxlPg-bzRCZVeQoI2r8-K-HK7-hBRr6MMWb1VSy8Ml2xmd5yycSLbiWTf9a3OoxWVDQ
GNU Radio,The Free & Open Software Radio Ecosystem,Science and Medicine,"software defined radio , c++ , python , dsp","wireless communication , signal processing , radar , gui",2,https://gnuradio.org/,https://summerofcode.withgoogle.com/archive/2017/organizations/5467278887878656/,lh3.googleusercontent.com/YXi7zAxPBJuez7WFgMrro7Pw1ulUqJnRwSNyxHVH0vTOPxjapKqwIWb6DgpntPQRUcA1ns9LQMtF9CjWl70F4HKFmXLbtDk
Green Navigation,Energy efficient routing for electric vehicles,Other,"javascript , java , react , apache spark , tensorflow","routing , eletric mobility , web , machine learning",5,http://greennav.io,https://summerofcode.withgoogle.com/archive/2017/organizations/6147412729004032/,lh3.googleusercontent.com/DcEeK4T4tzqj9U6hsm4k-Bsd9H5mrDPo7VOZ4zAXRVQN0I6LwXfkyMEMbADgjTcmW57pEk3rkVzHjDcWlJuMu6RBRS8fSp4
Haiku,Light open-source operating system that specifically targets personal computing.,Operating Systems,"c++ , posix"," desktop integration , operating system , kernel , user interface , frameworks",5,http://www.haiku-os.org,https://summerofcode.withgoogle.com/archive/2017/organizations/5096040436858880/,lh3.googleusercontent.com/isqv6xucX1TkGooFI6nzguKu4BrefroDjvJ96DNvoXVDGLvzZ_nG18S-dPnXM0fiVsrgZ6eVRPqbx3KYpRTJ0iGrTJIQZW0
Homebrew,Homebrew is a package manager for macOS written in Ruby.,Programming Languages and Development Tools,"ruby , git , github , bash , macos","package management , distribution , development tools",2,https://brew.sh,https://summerofcode.withgoogle.com/archive/2017/organizations/6752289616297984/,lh3.googleusercontent.com/fdjEXuxA_YGqav8N95dPA3fXWxtHdPXcAeah9cd90svBM-sd-HCeTEQvHutgVHC38iBOy1X4Q_B0yDY5coDppDV4ZphqSw
illumos.org,Open Source successor of OpenSolaris,Operating Systems,"dtrace , illumos , unix , openzfs , zfs","drivers , virtualization , storage , networking , kernel",0,http://illumos.org,https://summerofcode.withgoogle.com/archive/2017/organizations/6221940343701504/,lh3.googleusercontent.com/2LrctGY6XCtdGS2LOqG1NiguqpMf52KyJWQHkEIBc1we3NM2GYoQUyEZZDFKH-6iN5bX0zBlVOb9WPTHm-OYE7VsilFdlQ
INCF,Advancing global collaborative brain research,Science and Medicine,"c++ , python , java , xml , gpu","neuroscience , big data , brain modeling , science , bio/neuro image processing",13,http://www.incf.org,https://summerofcode.withgoogle.com/archive/2017/organizations/6593178794721280/,lh3.googleusercontent.com/Xg-54TuksAqZLv8Bj14C4rLp_cTk5BOq2Vh2rssQurF5LDckcr1v2qIPsmvbFsivA3FpovkKUxuupgULiDx7bKGYT1a_PV9c
Inkscape,"Inkscape is a professional vector graphics editor for Windows, Mac OSX, & Linux.",Graphics / Video / Audio / Virtual Reality,"svg , css , c++ , c++11 , python"," graphics , web , standards , geometry",2,https://www.inkscape.org,https://summerofcode.withgoogle.com/archive/2017/organizations/5404830063394816/,lh3.googleusercontent.com/2UsZTSNezPwbTM0lHxn8NkJOblIhO8rBFSliJ3KZTHhoGGZWjJbQswQa-3v3sKO7hmmd1ez7Zi-ArdKGyUIVoogHWcASvZY
Institute for Artificial Intelligence,Research in Artificial Intelligence and Perception for Autonomous Mobile Robots,Science and Medicine,"lisp , prolog , c++ , python , ros","artificial intelligence , robotics , knowledge representation , machine learning , robot perception",5,http://ai.uni-bremen.de,https://summerofcode.withgoogle.com/archive/2017/organizations/6330829038944256/,lh3.googleusercontent.com/qtx5-tMFMwR-K8ZcWPc_PwolM0iMGigMqsNhi2illW9xr2_zLW_XxKvcdP2kpCgyY23PTR7PPRzVnbuAZSK7idV9BhEqH-A
Intel Media and Audio for Linux,"Open Source Media libraries, Applications and User space driver.",Graphics / Video / Audio / Virtual Reality,"video , decode , encode , vpp , multimedia","accelerated media , video , compress , encoding , camera",2,https://01.org/linuxmedia,https://summerofcode.withgoogle.com/archive/2017/organizations/6149200777576448/,lh3.googleusercontent.com/OMF275W3zfipnsTRtCFdCLhSuP6RAiG3V0j5KalwPILuq_f6eMytVv12qzziKRtfTOsZEaA9zZhAARj2WJL791sz94I-Kqo
Internet Archive,Universal Access to All Knowledge,Web,"python , javascript","web archiving , non-profit",2,http://www.archive.org,https://summerofcode.withgoogle.com/archive/2017/organizations/5373878247358464/,lh3.googleusercontent.com/Axq28XyWp2VGzFd2_-4JpuRAY9CHEHtCjAuxyf0aIeaI-i9a1CAcSu4HJgN6KMepJHgILkNnXMR2mxqH-jrkLAqI_2erEXc
JBoss Community,Community of Java projects around JBoss Middleware,Programming Languages and Development Tools,"java , android , asciidoctor , mobil , kubernetes","testing , monitoring , enterprise application , eclipse , openshift",3,http://www.jboss.org/,https://summerofcode.withgoogle.com/archive/2017/organizations/5307802188775424/,lh3.googleusercontent.com/-81MMBEVzxJsxox_MuBvHaAE8AauXTszSdLmVkvYHIMaOylF_huC10E9kT3ie_bpAUpSc6sXLKB7TRIk3ytM2B0dELgoTw
JdeRobot - Universidad Rey Juan Carlos,A software framework for developing applications in robotics and computer vision,Other,"python , c/c++ , ros , gazebo","robotics , computer vision , robot simulator , teaching",4,http://jderobot.org,https://summerofcode.withgoogle.com/archive/2017/organizations/4923454155390976/,lh3.googleusercontent.com/It2jUXMuuJAK8B33mXnlSAHucbS2MiofAjpJcM6gR2O1T39STMj4jFLcdntiN0iVCGAdg2c5BRLXUfpi0AMsgNXHb7CqGA
Jitsi,Advanced Real-Time Communication,Social / Communications,"webrtc , java , javascript , sip , xmpp","multimedia , real time",3,https://jitsi.org,https://summerofcode.withgoogle.com/archive/2017/organizations/5461033468559360/,lh3.googleusercontent.com/uN0ENmueoPOaWucCFlQWtV4Bfu_h4QcUKlZlZti7_1R11jqVsAA1i7TkUgNLGMyDqmeHVPnR-oAOG9RTHEhyFQ6R-8Fbuw
Joomla,A free and Open Source CMS Trusted By Millions for their Websites,Web,"php , html , html/css ,  javascript , jquery","web , web application ,  cms ,  object-oriented",8,https://www.joomla.org/,https://summerofcode.withgoogle.com/archive/2017/organizations/5861923971137536/,lh3.googleusercontent.com/jfMs2ig-jarY7VRjmnSWurkVzHv47lzmU1fcPbUIpOBX-CvusEZClPRr6rmOw5h8rBBLTTliDzwNCQ3YcUNvoZNmvUz_PpHc
JSK Robotics Laboratory,Humanoid Robotics Laboratory at the University of Tokyo,Science and Medicine,"ros , lisp , prolog , openhrp , openrtm","robotics , artificial intelligence",2,http://www.jsk.t.u-tokyo.ac.jp/,https://summerofcode.withgoogle.com/archive/2017/organizations/6380010977886208/,lh3.googleusercontent.com/Vmr-3Oo3JdWvqg7svK3mgjGtW_XLMj54UxRyuG1VPIyL3RX16e1G0P-wcVgbp2pA30UkErMpwgiXmuEMkUUBm35y8m3TiZg
K-9 Mail,K-9 Mail – Advanced Email for Android,End User Applications,"android , java","email , communication",2,https://github.com/k9mail/k-9,https://summerofcode.withgoogle.com/archive/2017/organizations/6184001823834112/,lh3.googleusercontent.com/krjdwXw2oDdYr4CiiHmacAQfX7YwdVbKxXofGWXcb5BljoNWIV0Z2OJz3HvKkPMktuU3EY3dWbhQ7ulqQiDGPyVj_WjJQ-HH
KDE,Experience Freedom!,End User Applications,"c++ , qt , qt5","desktop , desktop application , education , science , communication",24,http://kde.org,https://summerofcode.withgoogle.com/archive/2017/organizations/5586250824155136/,lh3.googleusercontent.com/fscINvK_QM-401ia5RZdxBGb5V5GERuoyocQzY7HCgdVXJ0V_AVUJp-6S3ntgzm1ExgjsmXg5anlMf3rTQe6AnTqxRie4w
LabLua,Programming Languages Research with emphasis on  the Lua language,Programming Languages and Development Tools,"lua , céu","scripting languages , reactive programming",6,http://www.lua.inf.puc-rio.br/,https://summerofcode.withgoogle.com/archive/2017/organizations/5842237585883136/,lh3.googleusercontent.com/a3rJ_JCm2lQI2BBpQxJRPkP5ou1rH-miSg54Yn-UbiVy7AHyxq2SuMXPxKjMj7jwD0WLOYX2HdPG_vZ4hWGP5x560b5U8w
LibreHealth,Healthcare for Humanity,Science and Medicine,"java , php , javascript , mysql",web,4,http://librehealth.io,https://summerofcode.withgoogle.com/archive/2017/organizations/5574687430017024/,lh3.googleusercontent.com/i74AjO1uZu3bqvBZ7LjQVdLAP53yy5lR30-LzKbiKR0tVWhFa56WMcdmostRUrVDX_hAVYagOvLM53CIMAB04k7wHwCqXA
LibreOffice,"Free Office Suite, Fun Project, Fantastic People",End User Applications,"c++ , python , java","office suite , desktop application",9,http://www.libreoffice.org,https://summerofcode.withgoogle.com/archive/2017/organizations/5507893709242368/,lh3.googleusercontent.com/vUCqKQjTyhUpnivDWEAbxfOVLFuBXwwtWxc8IET4JY_-dGA6rbFqa7K6x6lZeIATMM0tIOrlPeaw1IoReFh6afmI9zZby_s
libvirt,virtualization abstraction library,Cloud,"kvm , xen , hypervisor","virtualization , library",1,http://libvirt.org/,https://summerofcode.withgoogle.com/archive/2017/organizations/6082542885142528/,lh3.googleusercontent.com/Dp1HXrFhIJQHJj-dhujvs-LYZcYdB3ZvSQUHxDg0fNmzVvV_NUdfX2IjvELWrX6hjinsIl9zjfri7ZggQ1ZIH_rzoha28f0
Liquid Galaxy Project,Get immersed in open-source!,Graphics / Video / Audio / Virtual Reality,"javascript , ros , gis , cesiumjs","virtual reality , geospatial , visualisation , graphics , webvr",3,https://github.com/LiquidGalaxy/liquid-galaxy/wiki,https://summerofcode.withgoogle.com/archive/2017/organizations/5279287632461824/,lh3.googleusercontent.com/dF_M1k4DI4n6DFp142kqqaNB87nexn8kUOqZwMH5yLct8UjJBFaOGbb9fjaRdXnK3OU_YdbSlGjBlHKxrfb6Oygf6Bj2SJo
LLVM Compiler Infrastructure,llvm,Programming Languages and Development Tools,"llvm , clang","compiler , compilers",8,http://www.llvm.org,https://summerofcode.withgoogle.com/archive/2017/organizations/6215410651234304/,lh3.googleusercontent.com/8XYivFpkxnMRScblvQM83rhs5ZL-osOkoiaz5-mE24xf5s3r8t5a7xtFoB6kxIFTr4cEvqY3dSMkqMhZMCqub88mKK_ALA
lowRISC,Creating a fully open-source SoC design,Other,"verilog , chisel , risc-v , linux","fpga , hardware , soc , security",4,http://www.lowrisc.org,https://summerofcode.withgoogle.com/archive/2017/organizations/5688479367299072/,lh3.googleusercontent.com/5XUMSvocptXRSEOY-d4oyKP_35FqBJ07k6EscBdNa3ITNagEfLtrA9yshpKLYu0tT1T5i9ddO9_32UHa-iMLwYwhy8RrXA
LuaRocks,The package manager for the Lua programming language,Programming Languages and Development Tools,"lua ,  lua , luarocks","programming tools , programming language , package management",1,http://luarocks.org,https://summerofcode.withgoogle.com/archive/2017/organizations/5624527572697088/,lh3.googleusercontent.com/9rIhv2IzXuF4MxqM1aBqTyTknFw_M3lCvPqUq4CeJTqxze5qZcE18tcnaESd64iw9_sO0Z3V0whMa6LUfIU1lZOgZnxHRoI
MariaDB,One of the most popular databases on the web with many notable users,Data and Databases,"mariadb , mysql , c , c++ , java",database,1,https://mariadb.org,https://summerofcode.withgoogle.com/archive/2017/organizations/4752192066027520/,lh3.googleusercontent.com/p4iPQ-wqOkHf7VKTHqMxaai-WNM4489_8f94bDi4Nke6v83vX_G3q-APyJzs1bQs2e4rKRtaT7EmtqT96tP79XK4hO61tw
Matrix.org,An ambitious open source project creating a new decentralised comms ecosystem.,Social / Communications,"react ,  android , ios , golang , nodejs"," real time , communication , collaboration , decentralisation , interoperability",3,https://matrix.org,https://summerofcode.withgoogle.com/archive/2017/organizations/6700587336859648/,lh3.googleusercontent.com/WBhR4h-aEjQBcb-2lHWyFpIrdJdjdYteemzupMjD-aFiQa56CbdZEEr2Hr_J2QPhJYHOe438f7b_UtJytVm_f6zlIQNue10
MBDyn,High fidelity multibody dynamics engine with extended capabilities,Science and Medicine,"c++ , python","engineering , science , numerical methods , aerospace , mechanics",2,http://www.mbdyn.org/,https://summerofcode.withgoogle.com/archive/2017/organizations/6633793616084992/,lh3.googleusercontent.com/N4CUGfHbPXYMLR42AV09UMk94-E5Y8cGu5vaAnDHXbz5z_6OmX4uul-7EswcdWhEJD0M_f59g7I9JEWHHcmSNsB67HlBbxve
MetaBrainz Foundation Inc.,MetaBrainz operates MusicBrainz and a number of related open data projects.,Data and Databases,"postgres , perl , python , javascript , bigquery","music , data , big data , open data , community",5,http://metabrainz.org,https://summerofcode.withgoogle.com/archive/2017/organizations/5723792051535872/,lh3.googleusercontent.com/qZLoNlICnffNGh_i7PolRUX2qYh-Pu-s9gfV3bI9bkkM2YHiVtLAOGjaRuayi6LB09tiJyRXMAQAQT-mjt88O6axQs0i9Kql
Metasploit,Open Source framework for exploit development and penetration testing,Security,"ruby , c , asm","security , exploitation",2,http://metasploit.com,https://summerofcode.withgoogle.com/archive/2017/organizations/5632986779222016/,lh3.googleusercontent.com/AJly1rcZCcbTGu9BHMnCo45SkNIljiBdomdGPlX5dW0E04MAO7Ue-G_2unkRoYslPqARzPOuOFgIcWIYXdJolWBKf1QQA94
Microkernel devroom,"Confederation of microkernel projects (Genode, HelenOS, GNU Hurd, MINIX, Redox)",Operating Systems,"c , c++ , rust , arm , x86","microkernel , components , ipc , desktop , virtualization",3,http://www.microkernel.info/,https://summerofcode.withgoogle.com/archive/2017/organizations/5026327212064768/,lh3.googleusercontent.com/XeXZIspaZAf8QZNUxWJBehgrnCcvKiy5WIAja2N9AEGcaQC81kS1lzPkh38BYkJJMkPBVTUmAvMoBAAMnQX-Lw-AgxE19Ab0
Mifos Initiative,End Poverty One Line of Code at a Time,End User Applications,"java , android , angularjs , spring , mysql","fintech , mobile banking , digital financial services , microfinance , financial inclusion",10,http://mifos.org,https://summerofcode.withgoogle.com/archive/2017/organizations/5486404108812288/,lh3.googleusercontent.com/MhbfOJUdZ-yYSTxBM3jiTh8GBSA2ritD8FSfCMwyB3Flv6gZCvMo-crkhZLrIQNAUmRk203Ufht0DrPrC-yEkjZdjwHAaMo
MIT App Inventor,Empowering anyone to make their world a better place,Programming Languages and Development Tools,"java , javascipt , app , google app engine , gwt","mobile apps , api , blockchain , education , iot",4,http://appinventor.mit.edu/,https://summerofcode.withgoogle.com/archive/2017/organizations/6712150730997760/,lh3.googleusercontent.com/zjSf9bi_EsbRhVgk8gwyqkbIxrlxhNOT8WLvZuy4aLCZSiZumgLD6Wc2g9nPJZk5Bkqrz0OtNy6_wx0cPFUq4JIqfbV40HTi
Mixxx DJ Software,DJ Your Way. For Free.,Graphics / Video / Audio / Virtual Reality,"qt , c++ , c++11 , midi , hid","audio , dsp , music , dj , art",2,http://mixxx.org/,https://summerofcode.withgoogle.com/archive/2017/organizations/5298974017716224/,lh3.googleusercontent.com/y66G7cyFoEB-ny79vPLICRV0IS4r-AJZ-9Xbot5l8rBubSjBj66k9KVqL_jko94yVq4Z9b2Et94BjEVs-X8wV8kqu_x8-5Y
mlpack,a scalable C++ machine learning library,Data and Databases,c++,machine learning,10,http://www.mlpack.org/,https://summerofcode.withgoogle.com/archive/2017/organizations/5584462775582720/,lh3.googleusercontent.com/X8hF1Iz5fdFuR_T9k8AZ6DZc-kfN-xgFdl5VJ3PZPpmUAIuAswKbTX2uUZ-n8nmLQec0-yjkKABI3Ta5dSpWYSkfOiTr7i8
Mobile Robot Programming Toolkit (MRPT),Mobile Robot Programming Toolkit: empowering C++ development in robotics,Science and Medicine,"qt , c++ , opengl , wxwidgets , ros","robotics , slam , computer vision , webapps , algorithms",4,http://www.mrpt.org/,https://summerofcode.withgoogle.com/archive/2017/organizations/5289044053327872/,lh3.googleusercontent.com/HUlOL_akwzwxvNBdVjKh3rRyiKJx-nRWohZdMJ_754x6zERDWxHtBEFmzvWV0Rj4sUnmSTires4v0qWOkHoHvDMm0suWgAA
Mono Project,Cross-platform C#/F#/.NET runtime and tools,Programming Languages and Development Tools,"c# , .net , f# , c","compiler , ide , mobile development , web development , programming tools",9,http://www.mono-project.com/,https://summerofcode.withgoogle.com/archive/2017/organizations/4814565460148224/,lh3.googleusercontent.com/Wnx2UKIIjXTvvrIgRrPHvnIbw6WXjSbBGOleTchd-Kv0D9gbrdmf21-x9IpyXYONEza_KVi1TkwcIiyUpn8kOQV2wD3PGmo
Moodle,The world's open source learning platform,Social / Communications,"php , jquery , mysql , postgresql ,  javascript","education , web application , e-learning , school system , learning management",1,https://moodle.org/,https://summerofcode.withgoogle.com/archive/2017/organizations/5171600185884672/,lh3.googleusercontent.com/cNaaZ8_ej_R3YA-Pa3rZ75ksisMW6aew7zGuyBZNBWLDW89rM_t-y0DclFPY8TVFR9f2iM1XlMySjIfBv_EQ9sLBqmd83g
MovingBlocks,Terasology: like an open source Minecraft - imagine the possibilities!,End User Applications,"java , opengl , blender , json , gradle","games , voxel , minecraft , sandbox , modding",10,http://www.terasology.org,https://summerofcode.withgoogle.com/archive/2017/organizations/4985951029821440/,lh3.googleusercontent.com/ZvhRcRIvX4zHr3Ola_C5IoWy0Im6Dlep3FbA7bqW04GuChw4kpOPYG6sR53dhLfz0Nxf7_Pm1sapOAikGdv5fx3mAIOG8wg
Mozilla,"Internet for people, not profit.",Web,"js , rust , html/css , c++ , python","web ,  web platform and services , education , web browser",21,https://www.mozilla.org/,https://summerofcode.withgoogle.com/archive/2017/organizations/6414943960170496/,lh3.googleusercontent.com/gV8U7f42_azvTQhIoQraelwUwscd2nzYx73X4MThhqrlFaLwbsdsI8DiuCyDkIvNZt68K3zFHM952dtXNJ_itbmJYO6-5w
MuseScore,Free and open-source music notation software,Graphics / Video / Audio / Virtual Reality,"c++11 , qt5 , qt , breakpad","music engraving , music , midi , sheet music",3,https://musescore.org,https://summerofcode.withgoogle.com/archive/2017/organizations/4738118800375808/,lh3.googleusercontent.com/YcK6wPECmZZUzjaUu1h7U1mlGKXgN7u893khGUdMBXW65xOsf2F5kIGpOu45_6bBNXvOREGrxNW00abmXzwLb0TjaOrC_8w
National Resource for Network Biology (NRNB),Developing open source software to enable network-based biomedical discovery,Science and Medicine,"java ,  javascript , python , php , c++","network biology , graphics , web , ui/ux , database",20,http://www.nrnb.org/gsoc.html,https://summerofcode.withgoogle.com/archive/2017/organizations/6499778154201088/,lh3.googleusercontent.com/CDFrm3jmC0RWKdTU5d1tKdTho8hhJFTyu9dWbzNjRL7bwe6eTwX1k3fQAfAB81XK3koMJ9pYE3un1aROiSYXcz1QwE43q4I
Netfilter project,FOSS community-driven project that provides firewalling tools for Linux,Operating Systems,"linux , kernel , c","firewall , networking",2,http://www.netfilter.org,https://summerofcode.withgoogle.com/archive/2017/organizations/6602954140286976/,lh3.googleusercontent.com/oaJnMbZY1omAC2NPmr0FdyhME582EygGU5dR8j_pSXrMHyEh_GZDVO-uVIww0LoXOW26e-l2tbE9gr0Ugl0MLgE6lrM81cQ
Nmap Security Scanner,Swiss Army knife of network discovery and security auditing,Security,"c/c++ , lua , python , c , c++","security , networking , ipv6 , linux , network mapping",4,https://nmap.org/,https://summerofcode.withgoogle.com/archive/2017/organizations/5603880054292480/,lh3.googleusercontent.com/lQ6DoH3aMVO2MR3rpw0gAQNFybSqZ1VkFXb1rBy0GAtKT0Xm-PM-Vdq3hY29BlgkIVphh_YeZP-oBL4g45yhpzPDupN7Qg
NumFOCUS,NumFOCUS promotes open source scientific software.,Science and Medicine,"python , javascript , r , c/c++","scientific computing ,  numerical computation ,  graphics ,  data science",10,http://www.numfocus.org/,https://summerofcode.withgoogle.com/archive/2017/organizations/6630791836598272/,lh3.googleusercontent.com/Wi0Yt8t7odMwPj30_48NJCj9A8wQAniNl8kNa5huXs5Y0nDESnKKUCdezvK5izynm7yg9hHE9_1JPnBxWfeiBUm6JAfbN64
Open Bioinformatics Foundation,Promoting practice & philosophy of OSS & Open Science in biological research.,Science and Medicine," python , perl , java , c++ , c/c++",bioinformatics,7,https://www.open-bio.org/wiki/Main_Page,https://summerofcode.withgoogle.com/archive/2017/organizations/6098536001175552/,lh3.googleusercontent.com/G0btWyuJT_OA6O63RjBgc0sXt-rv9HtsZo-bNyY2exbQHkmoQ5vcDd1jU3VefHxSTiw_Rr9HhwUmlC5viExN0e8msNScHg
Open Chemistry,Advancing Open Source and Open Science for Chemistry,Science and Medicine,"python , c++ , opengl , javascript , java","scientific visualization , graphics , chemistry , data science",6,http://www.openchemistry.org,https://summerofcode.withgoogle.com/archive/2017/organizations/5928781713768448/,lh3.googleusercontent.com/SiZkvMl6HFXMVadYocyXaywo53aIFPwjdd0_DmCREXCGcSeJy2aX40Vy2t5Vqv0XU-yNu7F7wg0kwE7coP_voqOiW5sPKFY
Open Data Kit,Open Data Kit is used to collect data for social good in difficult environments.,End User Applications,"android , java , python , javascript , ruby"," mobile , cloud , global development , global health , social good",1,https://opendatakit.org,https://summerofcode.withgoogle.com/archive/2017/organizations/4593100034932736/,lh3.googleusercontent.com/l42QYXCtLJdNoRvjNUDV3TXH7zkuOShjpQ4NzbYB2oX-59SUrVBmbH9Aul11-tevyyPsApGUEB9K_voJEXMBnWf8dBzOK44
Open Detection,Open Detection is a open source project for object detection and recognition.,Other,"c++ , caffe , pcl , opencv","computer vision , ai",2,http://opendetection.com,https://summerofcode.withgoogle.com/archive/2017/organizations/6015282623545344/,lh3.googleusercontent.com/iQnB3bLxuBT0oQgjrJtWgD6FjJpenOT8crAYRRDnwfkBxDMqEVIFqaba4lPfNSCPCKeWyu1Lf0orHbVQ_EaSL8dA8NiY6g
Open Genome Informatics,Open Genome Informatics represents the efforts of many bioinformatics projects.,Science and Medicine,"python , java , javascript , nodejs , gwt","bioinformatics , data mining , genome , databases , computational biology",8,http://gmod.org/wiki/GSoC,https://summerofcode.withgoogle.com/archive/2017/organizations/4997812655751168/,lh3.googleusercontent.com/mU1RDk7MvnoywJn51IgSnFSzRBlE4KcQx0qvX2SbEXmh6QmEYO6FX3bHYZUiiQTgkF2ztN3VbpkJEF-NomW_LCuHuxGCAg
Open States,Opening State Legislatures,Other,"python , django , javascript , postgresql","government , web , journalism , civic",1,https://openstates.org,https://summerofcode.withgoogle.com/archive/2017/organizations/5076494711783424/,lh3.googleusercontent.com/oTnp3kLMh4OizCVQx-tGblJCvAZhXJppgmrIXhdpIYcSICHWwETHJFhjTPlFDi9kHP_JVUPLFk0WiE8nTqsfybWe6fKHFw
Open Technologies Alliance - GFOSS,Promote Openness through use and development of Open Standards and Technologies,Other," php ,  java ,  mysql ,  virtuoso , python","data , cloud , hardware",4,http://www.gfoss.eu,https://summerofcode.withgoogle.com/archive/2017/organizations/6266968780832768/,lh3.googleusercontent.com/k9dBEsZOew3V-uGpacH4loWxNBKa3TVTP9zk0F4xj_MlFCFVieTo-3V7QASFztyGaVf97Xi764CafgRKDiQ6Y87MAGkv-Fo
OpenAstronomy,Opening the eyes of research astronomy software to the whole world.,Science and Medicine,"python , julia , qt","visualisation , data science , astrophysics , solar physics",8,http://www.OpenAstronomy.org,https://summerofcode.withgoogle.com/archive/2017/organizations/6563063020912640/,lh3.googleusercontent.com/k97j4nu_jYtIPGDm0_CGWlcchojQzSJ-1Xy8lqKLTYV7smiai61bIQryKr98QqlgQkpmEtYOx7Er9G_F4RtmC96jd1Zqbg
OpenCV,Open Source Computer Vision and Machine Learning Library,Graphics / Video / Audio / Virtual Reality,"vision ,  deep learning ,  c++ ,  python","computer vision ,  deep learning ,  robotics ,  virtual reality ,  real time",15,http://opencv.org,https://summerofcode.withgoogle.com/archive/2017/organizations/6424873924558848/,lh3.googleusercontent.com/Yiody1kLVKupF99Qq0RKTzC2QWy0fATtVGo-bRiR-LrDKzkT_Yn8MWXVxWJubelvPko_Svm51mZhgs0erqFEp1jGg6_0DA
OpenMRS,Write Code. Save Lives.,Science and Medicine,"java , javascript , html/css , hibernate , mysql","clinical , developing world , medical records",15,http://www.openmrs.org/,https://summerofcode.withgoogle.com/archive/2017/organizations/6111850936664064/,lh3.googleusercontent.com/A017Q1uXQvk-YfW9c0KWoL8twfKpw-dqOi3ecFWZxjBt2jaCuavkz1LSkexc3bE7U9XCNWb0xtG7p85d2a1tn_H-XnnP2A
OpenStreetMap,OpenStreetMap - Creating and distributing free geographic data for the world.,Data and Databases,"postgis ,  java ,  ruby ,  javascript","gis ,  maps ,  crowdsourcing ,  geoinformatics",5,http://www.openstreetmap.org/,https://summerofcode.withgoogle.com/archive/2017/organizations/6746951777255424/,lh3.googleusercontent.com/cvbO37qIACZhlfNEp1qR64SB0poBi7BMOALOHt9VMB5kXRlgBwurpcsBU_fvXshB8eUSKq-WC96gc8LPPTosNeR4xeBTvQ
openSUSE,"The makers' choice for sysadmins, developers and desktop users.",Operating Systems,"ruby on rails , javascript  , docker , linux , angular.js","linux distribution , web development , realtime , virtualization , conferences",5,https://opensuse.org/,https://summerofcode.withgoogle.com/archive/2017/organizations/6729779961135104/,lh3.googleusercontent.com/4HIku5FivMC5UwHbGJ_-BVeUxwfFhA5ZkKr_u7JC-Rk5Hf63teRpjiQBixAVxnM6KNOTj2W6bYh3PadJcQRnQuLYlmY-kw
OpenWISP,Open Source solution to build and manage wifi networks,Web,"python , django , javascript , openwrt , raspberry pi","networking , wireless , configuration management , telecommunications , web",5,http://openwisp.org,https://summerofcode.withgoogle.com/archive/2017/organizations/4763591446102016/,lh3.googleusercontent.com/--u1VxOKOF1MV64kY2wRdG6g1_wlidSOXAHqjigTogQ0RQdNXKnXXu8tO5kAzSX1te5I3QZk4wZobbMWbsJfOAXk8m5T8H0
Oppia Foundation,Oppia is a tool for collaboratively building interactive and intelligent tutors.,Web,"python , google app engine , angularjs , javascript , css","education , interactive , web , tools , community",3,https://www.oppia.org,https://summerofcode.withgoogle.com/archive/2017/organizations/6040525891174400/,lh3.googleusercontent.com/rRDAR75xpdPsPiGSxfDuyP1pGmgJTKxcAEnPTpvfE7omfNU-a6C4TnyJ2JgLly_i9_8ayEUIMUj1HTlwcsCExwikLmTbeQs
OSGeo,Open Source Geospatial Foundation,End User Applications,"c++ ,  python ,  c ,  sql , java","gis ,  cartography ,  maps ,  science ,  geospatial",13,http://www.osgeo.org/,https://summerofcode.withgoogle.com/archive/2017/organizations/4554340639440896/,lh3.googleusercontent.com/0zY-jMP7tGTqrTUhVRwxyx9n_o6SMWBoE4GTihlfQkXRIBJ9n16otYfTuRmygk6tBE_vFSfDMfQZfYbhfX6_3ucPZiwy4yyk
oVirt,Open virtual datacenter management for all,End User Applications,"java ,  python , kvm","virtualization , enterprise application",2,http://www.ovirt.org,https://summerofcode.withgoogle.com/archive/2017/organizations/5718999941775360/,lh3.googleusercontent.com/W_PtFwhzkdm5Dfr1awr7uSKqbMoWtpUVdlp9gLzlRfQkQyL_dcULt1xsZE8616k8kFuTJcn2hAPgywWiLACcTK5kCSs7Zg
ownCloud,A safe home for all your data,Cloud,"php , qt ,  android , ios , javascript","cloud , sync , file share",3,http://owncloud.org,https://summerofcode.withgoogle.com/archive/2017/organizations/5721528872206336/,lh3.googleusercontent.com/DfB90GrSxjjUVgE4ye84i6KbkUQVUkzoIJtpZfqCkHbRuIbf9h4Twj6DKYU4ul4zJHk01UKjz7NGXRfJ9NcIDcH1uMhxCqE
P2PSP.org,Shaping the future Internet TV,Graphics / Video / Audio / Virtual Reality,"c++ , python , qt , sockets , webrtc","p2p , multimedia , streaming , security , video",2,http://p2psp.org,https://summerofcode.withgoogle.com/archive/2017/organizations/6195936732643328/,lh3.googleusercontent.com/H9208Klu8hxsUJPgPyNC9Ea6bKjvX9YZkCPS4bV1EF3tkan04q5u8-lwMowJIRpgvrWcDRnnzPh7Rt8dWz3175i71z1hwW36
PEcAn Project,Develop accessible tools for reproducible ecosystem modeling and forecasting,Science and Medicine,"r ,  php , postgresql , javascript  , c","ecosystem models , ecological forecasting , scientific visualization , data science , climate science",3,http://pecanproject.github.io/,https://summerofcode.withgoogle.com/archive/2017/organizations/4773366791667712/,lh3.googleusercontent.com/NlUBSPbXP9cQqsn4Gy_oKUJj3H3R_-NVduMtv3X-Nu__AWFSFyw-_k54hDXdwtJ8Fi7RoPRBuP1KIEisBSg4m0oLTrftPg
Performance Co-Pilot,System-level performance analysis toolkit,Operating Systems,"python , javascript , c , linux , windows","high performance computing , visualization ,  web development , kernel , performance",5,http://pcp.io,https://summerofcode.withgoogle.com/archive/2017/organizations/5840169290694656/,lh3.googleusercontent.com/PQdIfO2y0F5p09c9eT_3e6ugOHIpSbQa--YnkLQBkOawlljH4iT0qgITGwvLzECIcpiNLLqw7toAP1RzzJ0VsGOWtD3y6mQ
Pharo Consortium,Pharo: The Immersive Programming Experience,Programming Languages and Development Tools,"smalltalk , roassal , polymath , pharo","object oriented programming , dynamic environment , data science , user interface , ide",5,http://pharo.org/,https://summerofcode.withgoogle.com/archive/2017/organizations/5691803940421632/,lh3.googleusercontent.com/k0wTYgDp-KB4HmiGow-0HSfzWNUp_BV1Zkwk9d4lVzohlR3qfI0IzyIEnUmgLGxnNO-IHEAvw1TQng6E6jQwAht5P157yg
phpBB Forum Software,phpBB is the most widely used free and open source forum software,Social / Communications,"php  , mysql , javascript , symfony , css","social , communication , collaboration , forum , community",2,https://www.phpbb.com,https://summerofcode.withgoogle.com/archive/2017/organizations/5715998162288640/,lh3.googleusercontent.com/z4Bw8NrPhbTTZ3iOhn9tUkhJQE8-VJj2tL8isX9EshHXfwkBGH7LYErTEhfOVtHiOPtWdgUsGmojaoAVMee82_lew45rUxQ
phpMyAdmin,A web interface for MySQL written in PHP,Data and Databases,"php , mysql , jquery , javascript , cakephp","database , mysql , developer , administrator , web application",3,https://www.phpmyadmin.net,https://summerofcode.withgoogle.com/archive/2017/organizations/5535586047754240/,lh3.googleusercontent.com/5P06_Sp0FVRrO-VN3D7kOP3xIAQwkpPmUr9Jg3n9T6-jpWOGef7RaHF7u7EIuVrn8JfLncVcuqEp7r1Pa0f4Yk0uevlN9lo
Physical Web Project,Physical Web GSoC project based on the Physical Web,Other,"beacon , web bluetooth , physical web , bluetooth","internet of things , beacons",5,http://physical-web-project.github.io/,https://summerofcode.withgoogle.com/archive/2017/organizations/6491731667189760/,lh3.googleusercontent.com/4louIdBvWdQ5Jz_c-9lYN8p0OjZKSZ6DJoCPgBlqdyRI5UjJ8PmrYew-CWgjBlIJm_8NJnlv0Wsn6zvHvp4WASe07-0UCg
Plone Foundation,The premier python-based open source CMS,Web,"python ,  javascript , html/css"," content management , cms",4,https://plone.org,https://summerofcode.withgoogle.com/archive/2017/organizations/4530756705583104/,lh3.googleusercontent.com/QCoHOee49c1CKl-HiBvGvdtOQvVMrhFW8A5G9fvOcAGf9alQlHVQiNSusEJZuY9HddzsLlOeve549VEWYo-xU97o_qirjkw
PMD,An extensible cross-language static code analyzer.,Programming Languages and Development Tools,"java , javacc , xml , antlr , xpath","code quality , source code analyzer , code analysis , linter",2,https://pmd.github.io/,https://summerofcode.withgoogle.com/archive/2017/organizations/5158578918785024/,lh3.googleusercontent.com/Vubc5vjB--L-00zjtqS4no0NiuvzntQJQY6Ejn5DDS4N4CJDNNNqgMvhKX-djFHBrONMSqerdRRDW-BRLrFUwWYdYtLc32c
Polly Labs,Promoting Polyhedral Compilation,Programming Languages and Development Tools,"llvm , integer set library , ppcg , pencil , polly","polyhedral compilation , parallelization , program verification , optimization , fpga",1,http://www.pollylabs.org,https://summerofcode.withgoogle.com/archive/2017/organizations/4788561849090048/,lh3.googleusercontent.com/zRSoYfZa7Wx6lQzLq8MO_QkpWtZbVCP5jf3ZIUxStrDtEMI2QjRc5F8sueJR5gArWMgR4EdAe42nktNPVUgcCs-Bi_8U_aDL
Portland State University,Individual and Academic Open Source,Other,"open hardware , language-agnostic","new projects , academic projects , individual projects",7,http://wiki.cs.pdx.edu/psu-gsoc,https://summerofcode.withgoogle.com/archive/2017/organizations/5827042528460800/,lh3.googleusercontent.com/sAIPHC0hT4utSZW0pR7kqUAbtNkZZJivcSJZrbA15Cs6adP4oxthezndn2EffbpBLBN-2lSyz-pHYjqiIvfZAqMrUWClvnw
PostgreSQL,"PostgreSQL is a powerful, open source object-relational database system.",Data and Databases,"postgresql , c , perl , sql","database , rdbms",4,https://postgresql.org,https://summerofcode.withgoogle.com/archive/2017/organizations/5443503559540736/,lh3.googleusercontent.com/fOqj5WqGB9B9zsoMdSkR7nZaGgqSp6i8uZ2lSDkvpRfnnl_zWTnaBaTuabq51FpZMMgN61d9pMgF8e0I2o4adG_O30Do_I0u
Public Lab,Open hardware and software to help communities measure and analyze pollution,Other," javascript ,  ruby , ruby on rails","environment , pollution , hardware , science , community",5,https://publiclab.org,https://summerofcode.withgoogle.com/archive/2017/organizations/6029803371102208/,lh3.googleusercontent.com/MwbL7vWbFjDEufppCnooCkSgHO689b_BI-N1qS1JW_sWlhUpWF3Pe1Rl_4jFI9RfdaJ0edLtXCwzFLYOkteMpFpyKLWr881y
Python Software Foundation,Python is a programming language used by scientists & software developers alike.,Science and Medicine,python,"hardware , programming languages ,  science",29,https://www.python.org,https://summerofcode.withgoogle.com/archive/2017/organizations/5370985721102336/,lh3.googleusercontent.com/6MpqlrxDIIVeuWIHdu3k8Gm6qrcYqQ_UnAkrL69wL4w-hZ64l7kNrVtm4x_pUOy_XSil2UTXrIoHX9CEb_NqUmTInclq5Xw
QEMU,Open source machine emulator and virtualizer,Other,"c , python","compiler , virtualization , emulation , hypervisor",4,http://qemu.org/,https://summerofcode.withgoogle.com/archive/2017/organizations/4782716667035648/,lh3.googleusercontent.com/78cLfhQzz12zr-SfaHTL3LLIoATw7g3etAKkMHyaYtyDwMxpjSFcqX4qUcmiTZWlLgB3CqncbvnSa6hEAbT5m1uQ72JtTQ
Qubes OS,A reasonably secure operating system,Operating Systems,"c , python , shell , xen , linux","security , privacy , virtualization , operating system",2,https://www.qubes-os.org/,https://summerofcode.withgoogle.com/archive/2017/organizations/5074771758809088/,lh3.googleusercontent.com/ZnOVM9SzAVwGiqTWAw-cZJiQtAKDR1bD3MdaVvxq7CstlW3Ph00wRX21AyiKrsKK84-s-2vDAgY8PS_MBvoKAfiHcXfGuqE
R project for statistical computing,R is a free software environment for statistical computing and graphics,Programming Languages and Development Tools,"r-project , c , c++ , fortran , javascript","data science , visualization , machine learning , statistics ,  graphics",33,https://www.r-project.org/,https://summerofcode.withgoogle.com/archive/2017/organizations/5555424770129920/,lh3.googleusercontent.com/ZI5ThwOwjeTwKrtxLwQj4s6mQOYrEv10k9xMy-VitlecR5gnM6lq_uHBf1pVTTe55hG7Ce0IaXn82jRyUSArCUtltuJB78pD
radare2,Radare2 reverse engineering framework and toolset,Security,"c , rust , python , nodejs",reverse engineering,3,http://radare.org,https://summerofcode.withgoogle.com/archive/2017/organizations/4795019735072768/,lh3.googleusercontent.com/VVN5lpkxKUbYGUnBJ7HpHRnD6U8JK1hj_JhN6pxVAfRIOlISX0O0tU5m35EuMxGoR10prC4G-mOFsVLsSWR4iozUEhj3jA0
ReactOS,"ReactOS is a free, open source, Windows compatible operating system.",Operating Systems,"c , c++","operating systems , drivers , desktop , kernel , windows",4,https://reactos.org/,https://summerofcode.withgoogle.com/archive/2017/organizations/6057879303880704/,lh3.googleusercontent.com/aVjZ3TEaRQjkhtt2_lPztvbrrCLmAJk6ViAjMMEgu0prlZLjTkh8ZJ9BVdHbiiQl3Ubi59s2L0aGCFq6OqTE8P89u473A38
Red Hen Lab,Research on Multimodal Communication,Science and Medicine,"high performance computing , machine learning , opencv , audio processing , multimodal analysis","natural language processing , co-speech gesture , big data visualization , deep learning , multimedia",9,http://redhenlab.org,https://summerofcode.withgoogle.com/archive/2017/organizations/6645492838563840/,lh3.googleusercontent.com/UY6NntUG3C_iAxyR5tkKLd7B87nvYVQAS7YqHlWEriO764Wg_NYl88CDLIJmulGiOLRxCH3dBF0-5YX5MTInXWrxouV8xVnQ
RoboComp,A simple robotics framework.,Other,"c++ , cmake , python , openscenegraph , qt","computer vision , robotics , robotics simulation",9,http://robocomp.org,https://summerofcode.withgoogle.com/archive/2017/organizations/5477575937753088/,lh3.googleusercontent.com/TLSFajTMYU9aSS2hWuYGRN5BksO7-T-daan9xC0WK6lQpSEb7w6XfvlomYmhg9FvXhgoMq2aqenLQ75-yT-nAo1Sk5thWjY
Rocket.Chat,The ultimate open source chat and messaging platform,Social / Communications,"javascript , meteor.js , mongo , webrtc","chat , progressive web apps , realtime , collaboration , instant messaging",4,https://github.com/RocketChat/Rocket.Chat,https://summerofcode.withgoogle.com/archive/2017/organizations/5788044225413120/,lh3.googleusercontent.com/YnqJpwKfMzgUrQPlKAxMZzFTrsDYjQEi8GTLbsD8WFFlhR7YN_xMC4i-ZYDOoLfb18aGM0T8DNRSF78bq7xKXqLOFdGjUSE
Rspamd,High-performance spam filtering system,Social / Communications,"c , lua , cmake","machine learning , email , spam filtering",1,https://rspamd.com,https://summerofcode.withgoogle.com/archive/2017/organizations/5230067307249664/,lh3.googleusercontent.com/FNoDwqYiECa07UKDfGUtOK7WmDblUp8eFA4HFdG3JjmIGIDUND7vQdxYDVomDGfVu7Wt5ASVuYCAEmGkA4Iqsu9IuV1syIh6
RTEMS Project,RTEMS is a real-time operating system used around the world and in space.,Operating Systems,"c , python , posix","real time , operating system , kernel , embedded systems , multicore",4,https://www.rtems.org/,https://summerofcode.withgoogle.com/archive/2017/organizations/6586933375401984/,lh3.googleusercontent.com/DB1LdjBqEwe0NSdMOsC1CLKuU6L9-YBnhnaAeaUN7Q3zp-cAv56jttxkkPRa9B68kmoDxgMLRhHULWDyhYAp88h3Qqo-OkA
Ruby on Rails,Ruby on Rails make web application development easy and fun.,Web,"html , ruby on rails , ruby","web , full stack",2,http://rubyonrails.org/,https://summerofcode.withgoogle.com/archive/2017/organizations/5017499041005568/,lh3.googleusercontent.com/c276B7NxmAOEBnq4vaSbOwUd1bvPUdUJC2XNNQnGk9cce7_-7uff7d6mbfpuW2QBcI699Lu6XrTrfo2lgpZGAJsQ9MmRDCM
Ruby Science Foundation,Tools for Scientific Computing in Ruby,Science and Medicine," ruby , science , web , data , gpu","science , data , web , package management , hpc",3,http://sciruby.com/,https://summerofcode.withgoogle.com/archive/2017/organizations/6710362682425344/,lh3.googleusercontent.com/AGhVpjj4DSMCpJhxUjdFqGtTHoMDeyz4v4NFgacKReNQiaerwjC9AXrgHQ7A3s2QMw-4xGa9q4E_pIKos3FXue9tsHORVA
Sage Mathematical Software System,open source math software,Science and Medicine,"python , cython , c++ , c","mathematics , algorithms",5,http://www.sagemath.org,https://summerofcode.withgoogle.com/archive/2017/organizations/5071296056524800/,lh3.googleusercontent.com/99y5NbDUXdd32mgBKjcidnDzrt6ntx0-77Q7W-jmENkJwZpi3EQFobouaZu6qS9IQ6l9sz27QCxE3ZkCXocDpmEBTpYsx7f8
Samba,Opening windows to a wider world.,Cloud,"c , python","samba , networks , interoperability",1,https://www.samba.org/,https://summerofcode.withgoogle.com/archive/2017/organizations/5093706659004416/,lh3.googleusercontent.com/rD1kh5ljL5e_xVm2A38dl4S3kKWGspHq4e2W6yemA2jqHpqDXzvH7E0_Q0HKoVqQKcdxf9qBc4hCEEgyN-YJYc-Uox434j4
Scala,The programming language where object-oriented meets functional.,Programming Languages and Development Tools,"scala , jvm","compiler , programming tools , functional programming , programming languages",8,http://www.scala-lang.org,https://summerofcode.withgoogle.com/archive/2017/organizations/6452441306365952/,lh3.googleusercontent.com/EfPjiSXyWRJFZS5idWZo5thkjEbuVk0spqEsvV9SO46IEOIXwk6hRTdePYNGbV2AZ17z1dYGZDMsdZkeDBPG8D5f-HF3IK0F
Scilab,Numerical computational package and high-level programming language.,End User Applications,"c++ , java , python , c , opengl","graphics , numerical computing , programming language , scientific visualization",5,http://www.scilab.org,https://summerofcode.withgoogle.com/archive/2017/organizations/6603475844595712/,lh3.googleusercontent.com/ciM8klwqNEZfQcSwIFTjazdZ2oBb_MhfRStvR7l_52RgNrfdle3XfebJtH6edg_3KfUnZCLwZoOEigXqvuajR7ABWyqBeJM
ScummVM,ScummVM is a GSoC umbrella for game preservation projects,End User Applications,"c++ , sdl , opengl , assembly","game , engines , software preservation",2,http://www.scummvm.org/,https://summerofcode.withgoogle.com/archive/2017/organizations/6165044375060480/,lh3.googleusercontent.com/mU6cBaJ-fL843_k3vp3okXqqFa49WvvL26wNG4yT448_RDaijiyZF-jSsoaQXHXtez8WT6RcKQls1Qv1WWJwsv4e56ZK7w
Shogun Machine Learning Toolbox,Unified and efficient Machine Learning,Science and Medicine,"c/c++ , python , swig , machine learning , cmake","machine learning ,  statistics ,  fast algorithms ,  bioinformatics ,  software engineering",4,http://shogun-toolbox.org/,https://summerofcode.withgoogle.com/archive/2017/organizations/4704476053110784/,lh3.googleusercontent.com/GH1nNTJd4lsY-I4oxhehL-L2ROAAyxmG_axiGL0s-nniW1a0QuBs3MpCPz3z-SDT7_Yiq-2hUmUnNVr2KfMk3Dr66mjCsmM
Sigmah,Java/GWT platform for humanitarian project management,End User Applications,"gwt , java , postgresql","humanitarian , project-management",2,http://www.sigmah.org,https://summerofcode.withgoogle.com/archive/2017/organizations/5019976297611264/,lh3.googleusercontent.com/93j_B6_iRuj44vvNZhG5HeC8UY4b74xxz3SfQQF6r0dqq8S3yzv76u1BUM09yp2IzcGu_aWvbWrymJYkaKXTO6oGTDbYGQ
Software Product Data Exchange (SPDX),Promoting open source compliance through standard communication of SW licenses.,Programming Languages and Development Tools,"rdf , python , java ,  github , c","compliance , opensource , licensing",4,http://spdx.org,https://summerofcode.withgoogle.com/archive/2017/organizations/6300304437936128/,lh3.googleusercontent.com/jp89zqVYlb5DFuc9HjcPPUbuRUdCQgqs3-PBBZFn3DIELK704lntXmsW3DFtsHGpESagwyMqcGuJq4FSnl6VX2VLed3aPE4
STE||AR Group,The C++ Standards Library for Concurrency and Parallelism,Other,"c++ , boost , hpx , c++17 parallel stl , parallel algorithms","runtime systems , c++ standardizaion , algorithms , parallel computing , high performance computing",4,http://stellar-group.org/,https://summerofcode.withgoogle.com/archive/2017/organizations/6145876204453888/,lh3.googleusercontent.com/Kc-BNjySFJaBDzsEedTqUjvXt0yTXyrc_URSvFTXioggacbB2E3K8yEZmthrnVhEsHX-THYIDE1cUVVR1WD255XJcX0YvLk
"Stony Brook University, Biomedical Informatics",Advance biomedical knowledge through innovative data science research,Science and Medicine,"big data , apache spark , matlab , c++ , hadoop","biomedical informatics , medical imaging , bioinformtics , big data , database",3,https://bmi.stonybrookmedicine.edu/,https://summerofcode.withgoogle.com/archive/2017/organizations/6367868836904960/,lh3.googleusercontent.com/fMyKpsVNH6HY15TUJ7sJRMGYeB3kKht8uvtQhN-Xlyh2wMwqASsMx_4x90UGgeCs4c1HFmkjspRW761Aop5snvcqNfb7t3xb
strace,linux syscall tracer,Operating Systems,"linux , c , git , shell script , make","linux , syscall , tracing , c , git",4,https://strace.io,https://summerofcode.withgoogle.com/archive/2017/organizations/6249254993526784/,lh3.googleusercontent.com/l2t1T9gvkoaETh9IYLRu4TQKKquWXKYHYLfe0nHyWTwmuuTbQO_gyFRd4ayH4tNaaeO8TBJg7PY1WlqOJWJn76Cy8BaYi7g
Sugar Labs,"We make tools that learners use to explore, discover, create, and reflect.",Programming Languages and Development Tools," python , javascript , gtk , android","learning , education",9,http://sugarlabs.org,https://summerofcode.withgoogle.com/archive/2017/organizations/4675168001589248/,lh3.googleusercontent.com/31vEsi-7egkWtNq9_4SjGxJyvlRqzXUjIU9JpuMTztwQQFCby-wMn8RSrU6dNTxlsq1ybF4Ff8bcOFrN6fBXsLWJRzWZK5M
Sustainable Computing Research Group ( SCoRe ),"SCoRe has conducted research covering various aspects of Security, Mobile & IOT.",End User Applications,"python , java , gcp , android , golan","iot , security , mobile applications , embedded systems",16,http://www.scorelab.org/,https://summerofcode.withgoogle.com/archive/2017/organizations/4984473024200704/,lh3.googleusercontent.com/ad7xW_8lHwuwPv_atbM_5VR9oQFPis_OWi4Y4orCxLTCisyRJdISMc8jjKhsOi3iARVUpuwOZjT7NdH477Hc-pAoFgOgzos
SymPy,SymPy is a Python library for symbolic mathematics.,Science and Medicine,"python , c++","mathematics ,  science , computer algebra",8,http://www.sympy.org/,https://summerofcode.withgoogle.com/archive/2017/organizations/5228947662962688/,lh3.googleusercontent.com/_Z-ffewY-CgphMspm9NvlVaNeYSDLaYbU4u8ZW7FMhgYYsLe1gfxCBSQME-sZkyd-EmEkPL0yO4px_1Yy9O0oiOEkKTIGg
"Systers, an Anita Borg Institute community",Helping women find their potential in code.,Other,"android , ios , python , java , javascript ","women in tech , games , peace corps , web , mobile",11,http://systers.org,https://summerofcode.withgoogle.com/archive/2017/organizations/5429781541683200/,lh3.googleusercontent.com/tFOFnRaUTNGblP4QyLG6X0IlRCU6PNrYL6VgZbGuLVX2MMJc0tSM-LHaGEGfhJ8_eQKoq7Zu4oOzBQWBW8brmLP9uji0fg
TEAMMATES @ National University of Singapore,An online feedback management system for students and teachers,Web,"java ,  javascript , google app engine , css , java ee","education , peer feedback , webapps , saas",8,https://github.com/teammates/teammates,https://summerofcode.withgoogle.com/archive/2017/organizations/5786366906466304/,lh3.googleusercontent.com/luZzJwQlVaYB51AhxnDJaZe6lM-sN8VyEinlxbuFmC5JbKjeaKTMrZ8znvSHoTxtalBLz85S8_ImfDoqrcZ8od_89cbMYgY
The Center for Connected Learning and Computer-Based Modeling,NetLogo: A language and IDE for programming and scientific simulations,Programming Languages and Development Tools,"javascript , scala , html5","simulation , education , programming language , science ,  research",1,http://ccl.northwestern.edu/netlogo,https://summerofcode.withgoogle.com/archive/2017/organizations/4578118920568832/,lh3.googleusercontent.com/w1Pg9I5er9AD4G26-qAmfR_Gad4y5rmu2CjaY3I53rEpNoYG2T5rctUUOkRnhVDlGPsIq4bWE0R9YZRJLPGbEfT8GK6qf1k
The CGAL Project,C++ library of computational geometry and geometry processing,Science and Medicine,"c++ , git , github","computational geometry , geometry processing , mesh processing , triangulaton , arrangement",4,http://www.cgal.org,https://summerofcode.withgoogle.com/archive/2017/organizations/6565611412914176/,lh3.googleusercontent.com/k1NQ7oJzghEJ-d8GjBrwJAN2H7kBpGrUhHSmpndPIv9YjjHdj3BmMQayTKWm0KMZUku2ZeUc-uQ7q0sRvJzjHhNp13dsrls
The Eclipse Foundation,"An amazing open source community of tools, projects, and  collaboration.",Other,"java , geo , iot , che , ide","locationtech , developer tools , runtimes , frameworks",10,http://www.eclipse.org,https://summerofcode.withgoogle.com/archive/2017/organizations/5043263878725632/,lh3.googleusercontent.com/BpodiV7RsCFQ9xn2JYupSYyUqkjQliydUTz9nicVpLgSBEat1gu4M3eac_NmChTwXto-ZR2EfFnrut9LU6KgJleGJGFsk3U
The FreeType Project,FreeType font rendering library,Graphics / Video / Audio / Virtual Reality,"fonts , opentype , c , library","fonts , opentype , rendering , graphics , truetype",2,http://freetype.org,https://summerofcode.withgoogle.com/archive/2017/organizations/4699374705704960/,lh3.googleusercontent.com/ozLcPJH-oZD8tcrVpqhKlD0AWsmY5Qd5HSuS97cfytLDkF3r77Z-urkvZixDRMTWbV6o8tMZ_g9dg-RUwkS1MS6J2edOu34I
The GNU Project,GNU is an operating system that is free software,Operating Systems,"c , guile , python",operating system,13,http://www.gnu.org,https://summerofcode.withgoogle.com/archive/2017/organizations/5556772852989952/,lh3.googleusercontent.com/9KIj4OBSSC_nz4J3SA6ak2zP6mCjV81YaPguPJVQ3Hyt1WNdUDri1BZh22LqXxVytW9rnH7AybcXyickN1HG32uAZLBCGg
The Honeynet Project,The Honeynet Project - R&D for Honeypot/Honeynet Technology and InfoSec Research,Security," python , javascript , golang , android , network stack","security , honeypots , deception , research , malware",12,https://honeynet.org/,https://summerofcode.withgoogle.com/archive/2017/organizations/5512685819002880/,lh3.googleusercontent.com/9Q04KXcA1LwynVd9KNq5iyrGftX4SlLCsqkqNqfo1sCl-ojJSXtUpJz-R38uZIBzWDYPXozTelb0-JNWHj6Ib5ffQJaxMw
The Java Pathfinder Team,JPF is a highly extensible Java virtual machine built for software analysis,Programming Languages and Development Tools,"java ,  jvm ,  android ,  distributed systems","program analysis  ,  testing  ,  verification  ,  model checking ,  environment generation",7,http://babelfish.arc.nasa.gov/trac/jpf/,https://summerofcode.withgoogle.com/archive/2017/organizations/4740037845450752/,lh3.googleusercontent.com/vZDz6Z7CAGAgCj5PHzQl8lLzj9DuQxCmS1BSlrhxv695RQvdF1W41Z-M6qh-qfuPBujf2X8yH1FRi6s-7gXqsIP0k23stw
The Julia Language,A fresh approach to Technical Computing,Programming Languages and Development Tools,"julia ,  javascript , gpu , c/c++ , llvm","graphics , plotting , numerical computing , high performance computing , linear algebra",16,http://julialang.org/,https://summerofcode.withgoogle.com/archive/2017/organizations/6682672759832576/,lh3.googleusercontent.com/QkmKOCDnjRtNcTCB0waE8K4GGORcz5xAkXWakciX3ojPMZ7OGHsFFTfkGEZ4vq_j0G_btVvC0qBtTxgfKI-jN9ALBo56n9E
The Libreswan Project,Encrypting the internet using IKE and IPsec,Security,"c , python ,  shell script","vpn , ipsec , ike",2,https://libreswan.org,https://summerofcode.withgoogle.com/archive/2017/organizations/6311703818010624/,lh3.googleusercontent.com/xieZvftH7NsAeeki3MpMGN5ShPyspPB84pmQbCa7pE9Gbichc2OntsSb_L2JrQSovN5QZdL8DTH4KRcfis843VqaYtuSOBA
The Linux Foundation,A non-profit consortium dedicated to fostering the growth of Linux,Operating Systems,"c , c++ , cups , mysql , gtk","kernel , printing , lsb , wireless , wireguard",11,http://www.linuxfoundation.org/,https://summerofcode.withgoogle.com/archive/2017/organizations/5902526847123456/,lh3.googleusercontent.com/iMdi7DLry09inhV9HjzqgvhPYcZpRb6B6W7C0WgUtO9BVGHqG7B7ONs20DDF1jWCIuOAICYB2RlC8-UvokiKlASbiWdgVQ
The MacPorts Project,Open Source package manager for Mac OS.,End User Applications,"tcl , make , git","package manager , mac os x , macos",2,https://www.macports.org/,https://summerofcode.withgoogle.com/archive/2017/organizations/5223416953044992/,lh3.googleusercontent.com/NKbhP7-Viu3qEN3Icc9aRrQU5VbhsL8gUOw0IEle-6p1BcTbsD-9M_E59RYrCTJw2ATcG8MFUYMcrFyv7p8rLfkKoWYfHw
The NetBSD Foundation,Of course it runs NetBSD!,Operating Systems,"virtualization , filesystems , network stack , arm , mips","general purpose os , real unix , package management , free and open source software",3,https://www.NetBSD.org/,https://summerofcode.withgoogle.com/archive/2017/organizations/5856162406727680/,lh3.googleusercontent.com/OumI8nQh34M_zWCXk6Xn3a23r8DHAwUQ4GLSB3POYiDpu2qENGEA5CJzmvWJfKwfcDn8NMqD7r91wCCH03519AI1weM0Olk
The ns-3 Network Simulator Project,ns-3 is a packet-level network simulator for research and education.,Other,"c++ , python","networking , computer networking , simulation , research and development",5,https://www.nsnam.org,https://summerofcode.withgoogle.com/archive/2017/organizations/5226418732531712/,lh3.googleusercontent.com/p6k-6XOmBgul_JbDQSlzB636AcBQkeXGkJ9m7eyEYPi6nw6uA1ti_bFlVEnqkuVGOSOyzrzpZ9GQf-K2O8x0NA2i8f9uDuU
The Processing Foundation,Our goal is to empower people of all backgrounds to learn how to program.,Programming Languages and Development Tools,"java ,  javascript ,  python ,  android ,  opengl","creative coding ,  graphics ,  web ,  education ,  design",14,http://processingfoundation.org,https://summerofcode.withgoogle.com/archive/2017/organizations/5256745899261952/,lh3.googleusercontent.com/Ep13dfXMYTVwmXjuE0rZeJ6PqsLluisZOUtClGXByqXf2PDYWu8E9JK718NrEZLIbyJVIFvSXNgc40sYO-eqXS3Rg9TpTdY
The Wine Project,"Wine runs Windows applications on Linux, BSD, Solaris and Mac OS X.",Other,"c ,  opengl ,  directx ,  x11 ,  win32","compatibility ,  desktop integration",0,http://www.winehq.org/,https://summerofcode.withgoogle.com/archive/2017/organizations/5417956825628672/,lh3.googleusercontent.com/ykorz0_dV9cM3CgiEDK3Krr7CYhGuncQWw49ijPQZ1pTrCYwCRAyh93N5q4iwOOlpvHAGUj4vOm4LBgnowrTdk3tbGcqRgQ
Tiled,"A free, easy to use and flexible 2D level editor.",End User Applications,"qt , c++ , git , github","edit , editing , level , game , game development",3,http://www.mapeditor.org,https://summerofcode.withgoogle.com/archive/2017/organizations/6470814639587328/,lh3.googleusercontent.com/N82LnqT49LVmJ28wMr-Rkos0G1sWptTlzlDufgbUAaAe7gg7_p2tbsEQSDOKJl--rLX9X1GI7nbQdzTOKEGKsaqwAJkf7zp5
TimVideos,"Software & hardware to recording + streaming conferences, meetings & usergroups.",Graphics / Video / Audio / Virtual Reality,"python , verilog , fpga , vhdl , c","hardware , embedded , video , fpga",2,https://code.timvideos.us,https://summerofcode.withgoogle.com/archive/2017/organizations/6543856732471296/,lh3.googleusercontent.com/CFfiFkBCFCpy3Ca0VINsgQOJPLAa1GRAl3mX9JETHRyGKJ8SPmaN-j68TB_b85JtLIDEiLuke15X8pPfxT2J0JQkUGfBPw
Tor,Internet privacy and anonymity,Security,"c ,  python , javascript , c++","privacy ,  anonymity ,  counter-censorship , free-speech",4,https://www.torproject.org/,https://summerofcode.withgoogle.com/archive/2017/organizations/5273949793419264/,lh3.googleusercontent.com/ZcWy5qLWZqlLaho3GTMOH7FedbhtrOqcTld6n1pJmOGJKJwbe981Sxv6_phqyUDH7MhDC99a9alMfb4KgFxCCEd9QH4cALwq
UCSC Xena,Helping biologists see the bigger picture in diverse cancer genomics data,Science and Medicine,"javascript , react , clojure , d3 , python","genomics , data visualization , cancer ,  bioinformatics , web application",1,http://xena.ucsc.edu,https://summerofcode.withgoogle.com/archive/2017/organizations/4944943755821056/,lh3.googleusercontent.com/e7Ri2a2tncmttWUA1YSmMvOa1ONgq02-f3OO7a4Bctz1259dduHPCsnZGGLVUD1whMEDPLG_yR1uJITp51CJppxQyZAGZUU
"Urban Energy Systems Laboratory, Empa",HUES is a platform for modeling & analysis of distributed energy systems,Science and Medicine,"python , gis , fast fluid dynamics","distributed energy systems , modeling & optimization , data portal",3,https://hues-platform.github.io/,https://summerofcode.withgoogle.com/archive/2017/organizations/4513544758362112/,lh3.googleusercontent.com/2ZeU3O2oOvAkneIhXFjY_bIuvV0vRzmyAgzKDM7UP5a2LP6TwohTU5MpYR43-zd7pfpjhBVYzIRlap8fkpY8RJwhJwABEGvD
VideoLAN,"A team of volunteers, believing in the power of open source multimedia.",Graphics / Video / Audio / Virtual Reality,"c++ , c , opengl , qt , assembly","video , audio , multimedia",9,https://www.videolan.org,https://summerofcode.withgoogle.com/archive/2017/organizations/4898083515138048/,lh3.googleusercontent.com/qLSJFgSiCVKxEWT0bou38OWPKQIkhCs3chuGRiabN-zMkY3lzOZGo4JQ6rDhXwutHPRgh6SxA06X3xrkpii2gyZAqx6hT88
ViSP,Visual tracking and visual servoing library,Graphics / Video / Audio / Virtual Reality,"vision ,  c++","robotics , vision",1,https://visp.inria.fr/,https://summerofcode.withgoogle.com/archive/2017/organizations/4892929554382848/,lh3.googleusercontent.com/XrpZP_r_9tqAairFbr4e_svLCX6D6rbxDM1PNmsODLridMl6l50Rgxzw6AP_a-VEWmxbGbyXCVsOQLg8UYF2eKbfAJLw3QY
Wikimedia Foundation,Global movement whose mission is to bring free educational content to the world,Web,"php  , javascript  ,  html  ,  css  ,  jquery"," web ,  wiki , encyclopedia",7,http://wikimediafoundation.org,https://summerofcode.withgoogle.com/archive/2017/organizations/6468952502829056/,lh3.googleusercontent.com/x0Pj8ORuPpana8r5jbptb2yIO40wg6ouIUtkqpOutRIULqLOgGqla1-JLHidt4U02NXkGWzTTUp2DS0jcHAW6gpYw23_uA
WorldBrain - Verifying the Internet with Science,"Full-text search your history, bookmarks and all your apps.",Social / Communications,"reactjs ,  javascript","fake-news , misinformation , search , digital knowledge",1,http://worldbrain.io,https://summerofcode.withgoogle.com/archive/2017/organizations/6393325913374720/,lh3.googleusercontent.com/6xf1OSTMNXR9eGkMle49rCCSn9asH7e_YR0ZaPvZb_dpFuQuDXXyioLV6YBT78vBd1u2c7LuNmsZmqqrmeRd_KU95RemzdzE
WSO2,Comprehensive and open source middleware platform that spans the breadth of SOA,Other,"soa , middleware , java , distributed computing , web services","cloud , iot , security , micro services , api management",9,http://wso2.com/,https://summerofcode.withgoogle.com/archive/2017/organizations/6070843662663680/,lh3.googleusercontent.com/1E8AX1katjzwQ4Lu7AQVzd-V2E0y-RWFm4ZR7_eS7yct9wEagNcya2aGsZMH4TOaD0RF75iKM3uom-4enwPlyCMQ_tOXgg
wxWidgets,Library for creating portable native GUIs in C++,Programming Languages and Development Tools,"c++ , gtk+ , win32 , cocoa","cross-platform , desktop , gui",2,http://www.wxwidgets.org/,https://summerofcode.withgoogle.com/archive/2017/organizations/5262324659126272/,lh3.googleusercontent.com/eOVcxwPPFY88vbPAbL0VdS3UXorKsdc3Ow4SIUsUecOXlnaNEOgMxlvJeKw6AG3zMw9IZdSp5_Xz93Rr5f8-EsrW2hAwrrg
X.Org Foundation,"X Window System and related projects (Mesa, DRI, Wayland, etc.)",Graphics / Video / Audio / Virtual Reality,"opengl , vulkan , x11 , wayland , opencl","graphics stack , operating system , graphics , 3d , video",4,http://www.x.org,https://summerofcode.withgoogle.com/archive/2017/organizations/6339354280591360/,lh3.googleusercontent.com/2UvufG7SrBIU6iHAqqawF2JU4I4bGpPdB3UvyI9jJyD4Q8qMUJwnjRlPKcEyV2JeGXWmqShG5XipMNM9UuUuENflR4vV7slF
Xapian Search Engine Library,"Fast, scalable and flexible search",Data and Databases,"c++ , unicode , swig , linux , golang","search , information retrieval , machine learning , linguistics , indexing",3,https://xapian.org/,https://summerofcode.withgoogle.com/archive/2017/organizations/6189339662876672/,lh3.googleusercontent.com/nUKe3F1aZ12vp_VXwCKDRoFRT4VESQyh-Jo7luPj1ULSn_WCU8QvhoUEa-8B_l-gShRwsEPvAHNY47bF2mm2cAG88qjZZNg
XBMC Foundation,Kodi Media Center,Graphics / Video / Audio / Virtual Reality,"python , c++11 , xml , git , drupal","media center , video player , audio , media management",3,http://kodi.tv,https://summerofcode.withgoogle.com/archive/2017/organizations/5704018827411456/,lh3.googleusercontent.com/7kBt6Z9y28DiJ2H0O5F6alI5uzgmIJqd8-Ep493qS9GuDWZyWpBY0MdL86dyy3qXN9WsWO01ofuHZiwX4SzQYwx4_Y18X7os
Xen Project,Bringing the power of virtualization everywhere,Cloud,"linux , free/netbsd , asm/c/c++ , qemu , ocaml","virtualization , security , cloud computing , unikernels , embedded/automotive",2,http://xenproject.org/,https://summerofcode.withgoogle.com/archive/2017/organizations/5748328394391552/,lh3.googleusercontent.com/8-1iv11qUH3NQh51RUUucz5KaFc-xnirXU3Bsd_oQfGzen68L0H4YvyGdbDuwZqLRhiBRKjAJ_XTkzdJiMMvJTKKb94AmQ
XMPP Standards Foundation,Secure messaging with open standards,Social / Communications,"xmpp , c++ , java , erlang , javascript","chat , messaging , instant messaging , social , communications",2,https://xmpp.org,https://summerofcode.withgoogle.com/archive/2017/organizations/6062681614188544/,lh3.googleusercontent.com/gd-sdsaL3PtSKtI2lX4wgyvA-_jJGUYlqLInZL5AOlfpWB9G7lxRF_XQTwJNhchca4hwAv3RpIituJ2lLw0TbJHveYcIK4s
XWiki,The Advanced Open Source Enterprise Wiki,Web,"java ,  javascript ,  html5 ,  css3 ,  velocity","web development ,  web platform and services ,  wiki",2,http://www.xwiki.org/,https://summerofcode.withgoogle.com/archive/2017/organizations/6636322546515968/,lh3.googleusercontent.com/S58ALZNJHSaVWIyZCoYgZu1vHsyRfXWKdSR4juj8o18xWLcvLeGI-gGXcTG5PPxG_k5awu166FDB4yVAvkfWdYCWmxTjH-Y
Zenodo,A free and open digital archive for the long-tail of science.,Science and Medicine,"python , postgresql , flask , angularjs , elasticsearch","content management , web , open science , digital library , machine learning",2,https://zenodo.org,https://summerofcode.withgoogle.com/archive/2017/organizations/4744852235354112/,lh3.googleusercontent.com/t18I4Tabm3yIeT595HG9pbjrqUelCzLjUoWehqSCdBmLS9uk7vgPCJRQoBJRFArkA_pbyj-LZisqDm-IjCbLfKgT0Ek2UA
Zulip,"Powerful, modern, open source group chat, complete with apps for every platform.",Social / Communications,"python , django , javascript , react native , electron","enterprise , web development , group chat , cross-platform , mobile applications",10,https://zulip.org/,https://summerofcode.withgoogle.com/archive/2017/organizations/4533090483437568/,lh3.googleusercontent.com/fOxr2i7xgNsXlEtEnnbCZCQQSVImnqXVKbf_-oo5Hm_Lq38KwmDryVdCmvd1lOnlQLtRsiess_b4WHce6FnsuvtF3F7kc1E
